40,2,0.26785714285714285,0.1607142857142857
40,3,0.17857142857142855,0.19642857142857142
40,4,0.14285714285714285,0.17857142857142858
40,5,0.17857142857142858,0.1607142857142857
40,6,0.14285714285714285,0.17857142857142858
40,7,0.125,0.19642857142857142
40,8,0.12499999999999999,0.19642857142857142
40,9,0.10714285714285714,0.1964285714285714
40,10,0.071428571428571425,0.1964285714285714
40,11,0.071428571428571425,0.21428571428571427
40,12,0.12499999999999999,0.1964285714285714
40,13,0.10714285714285714,0.17857142857142855
40,14,0.125,0.19642857142857142
40,15,0.089285714285714274,0.21428571428571427
40,16,0.10714285714285714,0.19642857142857142
40,17,0.089285714285714274,0.1964285714285714
40,18,0.089285714285714274,0.21428571428571427
40,19,0.10714285714285714,0.21428571428571427
50,2,0.017857142857142856,0.017857142857142856
50,3,0.017857142857142856,0.071428571428571425
50,4,0.053571428571428568,0.017857142857142856
50,5,0.053571428571428568,0.017857142857142856
50,6,0.035714285714285712,0.017857142857142856
50,7,0.035714285714285712,0.017857142857142856
50,8,0.053571428571428568,0.017857142857142856
50,9,0.071428571428571425,0.017857142857142856
50,10,0.053571428571428568,0.0
50,11,0.053571428571428568,0.0
50,12,0.053571428571428568,0.0
50,13,0.035714285714285712,0.0
50,14,0.035714285714285712,0.0
50,15,0.053571428571428568,0.017857142857142856
50,16,0.053571428571428568,0.017857142857142856
50,17,0.053571428571428568,0.017857142857142856
50,18,0.053571428571428568,0.017857142857142856
50,19,0.053571428571428568,0.035714285714285712
60,2,0.035714285714285712,0.089285714285714274
60,3,0.017857142857142856,0.071428571428571425
60,4,0.089285714285714274,0.089285714285714274
60,5,0.089285714285714274,0.10714285714285714
60,6,0.089285714285714274,0.10714285714285714
60,7,0.089285714285714274,0.10714285714285714
60,8,0.053571428571428568,0.10714285714285714
60,9,0.035714285714285712,0.089285714285714274
60,10,0.053571428571428568,0.10714285714285714
60,11,0.053571428571428568,0.10714285714285714
60,12,0.035714285714285712,0.10714285714285714
60,13,0.035714285714285712,0.089285714285714274
60,14,0.053571428571428568,0.089285714285714274
60,15,0.071428571428571425,0.089285714285714274
60,16,0.053571428571428568,0.12499999999999999
60,17,0.071428571428571425,0.10714285714285714
60,18,0.071428571428571425,0.12499999999999999
60,19,0.071428571428571425,0.10714285714285714
70,2,0.2857142857142857,0.39285714285714285
70,3,0.19642857142857142,0.26785714285714285
70,4,0.24999999999999997,0.26785714285714285
70,5,0.24999999999999997,0.26785714285714285
70,6,0.21428571428571427,0.2857142857142857
70,7,0.24999999999999997,0.26785714285714279
70,8,0.26785714285714285,0.26785714285714279
70,9,0.26785714285714285,0.23214285714285712
70,10,0.24999999999999997,0.21428571428571427
70,11,0.21428571428571427,0.23214285714285715
70,12,0.21428571428571427,0.24999999999999997
70,13,0.23214285714285712,0.25
70,14,0.24999999999999997,0.19642857142857142
70,15,0.24999999999999997,0.23214285714285712
70,16,0.23214285714285712,0.24999999999999997
70,17,0.2857142857142857,0.23214285714285712
70,18,0.30357142857142855,0.21428571428571427
70,19,0.30357142857142855,0.23214285714285712
80,2,0.1607142857142857,0.19642857142857142
80,3,0.10714285714285712,0.17857142857142855
80,4,0.053571428571428568,0.17857142857142855
80,5,0.10714285714285714,0.1964285714285714
80,6,0.125,0.17857142857142855
80,7,0.125,0.19642857142857142
80,8,0.125,0.17857142857142858
80,9,0.089285714285714274,0.19642857142857142
80,10,0.089285714285714274,0.21428571428571427
80,11,0.089285714285714274,0.19642857142857142
80,12,0.089285714285714274,0.21428571428571427
80,13,0.071428571428571425,0.19642857142857142
80,14,0.10714285714285714,0.19642857142857142
80,15,0.12499999999999999,0.17857142857142858
80,16,0.10714285714285714,0.19642857142857142
80,17,0.125,0.19642857142857142
80,18,0.089285714285714274,0.19642857142857142
80,19,0.089285714285714274,0.17857142857142855
90,2,0.26785714285714279,0.2857142857142857
90,3,0.33928571428571425,0.3035714285714286
90,4,0.2857142857142857,0.3214285714285714
90,5,0.35714285714285715,0.3392857142857143
90,6,0.3571428571428571,0.24999999999999997
90,7,0.375,0.23214285714285712
90,8,0.3214285714285714,0.23214285714285712
90,9,0.2857142857142857,0.23214285714285712
90,10,0.2857142857142857,0.25
90,11,0.3035714285714286,0.24999999999999997
90,12,0.3392857142857143,0.24999999999999997
90,13,0.33928571428571425,0.24999999999999997
90,14,0.26785714285714285,0.23214285714285712
90,15,0.26785714285714285,0.23214285714285712
90,16,0.30357142857142855,0.21428571428571425
90,17,0.25,0.23214285714285712
90,18,0.25,0.24999999999999997
90,19,0.30357142857142855,0.23214285714285712
100,2,0.17857142857142855,0.2857142857142857
100,3,0.19642857142857142,0.30357142857142855
100,4,0.125,0.2857142857142857
100,5,0.14285714285714285,0.25
100,6,0.1964285714285714,0.2857142857142857
100,7,0.1607142857142857,0.3214285714285714
100,8,0.1607142857142857,0.25
100,9,0.23214285714285712,0.2857142857142857
100,10,0.21428571428571427,0.3035714285714286
100,11,0.19642857142857142,0.3035714285714286
100,12,0.1607142857142857,0.3035714285714286
100,13,0.1607142857142857,0.3392857142857143
100,14,0.10714285714285714,0.3392857142857143
100,15,0.14285714285714285,0.30357142857142855
100,16,0.1607142857142857,0.3214285714285714
100,17,0.1607142857142857,0.3214285714285714
100,18,0.1607142857142857,0.3392857142857143
100,19,0.125,0.3392857142857143
110,2,0.2857142857142857,0.25
110,3,0.2857142857142857,0.2857142857142857
110,4,0.25,0.2857142857142857
110,5,0.30357142857142855,0.2857142857142857
110,6,0.2857142857142857,0.26785714285714285
110,7,0.30357142857142855,0.30357142857142855
110,8,0.2857142857142857,0.3214285714285714
110,9,0.26785714285714285,0.3571428571428571
110,10,0.26785714285714279,0.3571428571428571
110,11,0.26785714285714279,0.3392857142857143
110,12,0.2857142857142857,0.3571428571428571
110,13,0.2857142857142857,0.375
110,14,0.2857142857142857,0.39285714285714279
110,15,0.30357142857142855,0.375
110,16,0.30357142857142855,0.375
110,17,0.30357142857142855,0.375
110,18,0.30357142857142855,0.3571428571428571
110,19,0.2857142857142857,0.375
120,2,0.3214285714285714,0.2857142857142857
120,3,0.2857142857142857,0.3392857142857143
120,4,0.30357142857142855,0.3214285714285714
120,5,0.30357142857142855,0.375
120,6,0.25,0.35714285714285715
120,7,0.23214285714285712,0.35714285714285715
120,8,0.23214285714285715,0.2857142857142857
120,9,0.26785714285714285,0.30357142857142855
120,10,0.1964285714285714,0.30357142857142855
120,11,0.23214285714285715,0.2857142857142857
120,12,0.24999999999999997,0.30357142857142855
120,13,0.2857142857142857,0.30357142857142855
120,14,0.25,0.3214285714285714
120,15,0.26785714285714285,0.26785714285714279
120,16,0.30357142857142855,0.2857142857142857
120,17,0.30357142857142855,0.26785714285714279
120,18,0.2857142857142857,0.30357142857142855
120,19,0.2857142857142857,0.2857142857142857
130,2,0.17857142857142855,0.17857142857142855
130,3,0.1607142857142857,0.125
130,4,0.1964285714285714,0.23214285714285712
130,5,0.24999999999999997,0.23214285714285712
130,6,0.1964285714285714,0.1964285714285714
130,7,0.23214285714285712,0.26785714285714285
130,8,0.1964285714285714,0.23214285714285715
130,9,0.17857142857142858,0.1964285714285714
130,10,0.1607142857142857,0.1964285714285714
130,11,0.19642857142857142,0.17857142857142855
130,12,0.1964285714285714,0.1964285714285714
130,13,0.1964285714285714,0.21428571428571425
130,14,0.17857142857142855,0.21428571428571425
130,15,0.1607142857142857,0.21428571428571425
130,16,0.17857142857142855,0.17857142857142855
130,17,0.17857142857142855,0.14285714285714285
130,18,0.21428571428571427,0.125
130,19,0.1964285714285714,0.125
140,2,0.375,0.26785714285714285
140,3,0.26785714285714285,0.3571428571428571
140,4,0.1964285714285714,0.3392857142857143
140,5,0.2857142857142857,0.30357142857142855
140,6,0.26785714285714285,0.3571428571428571
140,7,0.1964285714285714,0.2857142857142857
140,8,0.23214285714285712,0.3214285714285714
140,9,0.23214285714285712,0.30357142857142855
140,10,0.23214285714285715,0.30357142857142855
140,11,0.26785714285714285,0.3214285714285714
140,12,0.26785714285714285,0.2857142857142857
140,13,0.26785714285714285,0.25
140,14,0.26785714285714285,0.26785714285714285
140,15,0.23214285714285712,0.2857142857142857
140,16,0.21428571428571427,0.30357142857142855
140,17,0.21428571428571427,0.30357142857142855
140,18,0.21428571428571427,0.26785714285714285
140,19,0.23214285714285715,0.24999999999999997
150,2,0.17857142857142855,0.24999999999999997
150,3,0.053571428571428568,0.1607142857142857
150,4,0.071428571428571425,0.1607142857142857
150,5,0.089285714285714274,0.17857142857142855
150,6,0.071428571428571425,0.1607142857142857
150,7,0.10714285714285714,0.14285714285714285
150,8,0.035714285714285712,0.1607142857142857
150,9,0.071428571428571425,0.1607142857142857
150,10,0.071428571428571425,0.1607142857142857
150,11,0.089285714285714274,0.14285714285714285
150,12,0.10714285714285714,0.125
150,13,0.089285714285714274,0.12499999999999999
150,14,0.089285714285714274,0.10714285714285712
150,15,0.089285714285714274,0.125
150,16,0.089285714285714274,0.10714285714285712
150,17,0.10714285714285714,0.10714285714285712
150,18,0.089285714285714274,0.10714285714285712
150,19,0.071428571428571425,0.10714285714285712
160,2,0.1964285714285714,0.1964285714285714
160,3,0.10714285714285714,0.1964285714285714
160,4,0.10714285714285714,0.17857142857142855
160,5,0.125,0.19642857142857142
160,6,0.125,0.21428571428571427
160,7,0.10714285714285714,0.17857142857142855
160,8,0.071428571428571425,0.17857142857142855
160,9,0.071428571428571425,0.19642857142857142
160,10,0.053571428571428568,0.17857142857142855
160,11,0.017857142857142856,0.19642857142857142
160,12,0.035714285714285712,0.1607142857142857
160,13,0.017857142857142856,0.17857142857142855
160,14,0.053571428571428568,0.17857142857142855
160,15,0.035714285714285712,0.1964285714285714
160,16,0.053571428571428568,0.17857142857142855
160,17,0.053571428571428568,0.17857142857142855
160,18,0.071428571428571425,0.1607142857142857
160,19,0.071428571428571425,0.1607142857142857
170,2,0.1964285714285714,0.19642857142857142
170,3,0.125,0.21428571428571427
170,4,0.10714285714285714,0.25
170,5,0.12499999999999999,0.26785714285714285
170,6,0.17857142857142855,0.25
170,7,0.19642857142857142,0.24999999999999997
170,8,0.14285714285714285,0.24999999999999997
170,9,0.10714285714285714,0.23214285714285715
170,10,0.089285714285714274,0.21428571428571427
170,11,0.125,0.1964285714285714
170,12,0.125,0.17857142857142855
170,13,0.089285714285714274,0.19642857142857142
170,14,0.071428571428571425,0.19642857142857142
170,15,0.071428571428571425,0.1964285714285714
170,16,0.089285714285714274,0.17857142857142855
170,17,0.10714285714285714,0.21428571428571425
170,18,0.089285714285714274,0.14285714285714285
170,19,0.10714285714285714,0.1607142857142857
180,2,0.21428571428571427,0.1607142857142857
180,3,0.14285714285714285,0.14285714285714285
180,4,0.089285714285714274,0.14285714285714285
180,5,0.125,0.10714285714285714
180,6,0.14285714285714285,0.1607142857142857
180,7,0.10714285714285714,0.1607142857142857
180,8,0.125,0.10714285714285714
180,9,0.071428571428571425,0.089285714285714274
180,10,0.089285714285714274,0.089285714285714274
180,11,0.089285714285714274,0.053571428571428568
180,12,0.053571428571428568,0.071428571428571425
180,13,0.035714285714285712,0.071428571428571425
180,14,0.035714285714285712,0.10714285714285714
180,15,0.035714285714285712,0.071428571428571425
180,16,0.053571428571428568,0.089285714285714274
180,17,0.035714285714285712,0.071428571428571425
180,18,0.035714285714285712,0.071428571428571425
180,19,0.017857142857142856,0.089285714285714274
190,2,0.17857142857142855,0.14285714285714285
190,3,0.10714285714285714,0.14285714285714285
190,4,0.089285714285714274,0.10714285714285714
190,5,0.089285714285714274,0.10714285714285714
190,6,0.14285714285714285,0.10714285714285714
190,7,0.10714285714285714,0.089285714285714274
190,8,0.12499999999999999,0.14285714285714285
190,9,0.071428571428571425,0.10714285714285714
190,10,0.053571428571428568,0.12499999999999999
190,11,0.035714285714285712,0.089285714285714274
190,12,0.035714285714285712,0.089285714285714274
190,13,0.071428571428571425,0.089285714285714274
190,14,0.071428571428571425,0.071428571428571425
190,15,0.071428571428571425,0.089285714285714274
190,16,0.071428571428571425,0.089285714285714274
190,17,0.071428571428571425,0.071428571428571425
190,18,0.071428571428571425,0.089285714285714274
190,19,0.071428571428571425,0.071428571428571425
200,2,0.1964285714285714,0.1964285714285714
200,3,0.12499999999999999,0.1607142857142857
200,4,0.1607142857142857,0.14285714285714285
200,5,0.19642857142857142,0.17857142857142855
200,6,0.125,0.17857142857142855
200,7,0.10714285714285714,0.21428571428571427
200,8,0.14285714285714285,0.21428571428571427
200,9,0.125,0.1964285714285714
200,10,0.10714285714285714,0.17857142857142855
200,11,0.089285714285714274,0.1607142857142857
200,12,0.089285714285714274,0.1607142857142857
200,13,0.125,0.1607142857142857
200,14,0.089285714285714274,0.1607142857142857
200,15,0.053571428571428568,0.1607142857142857
200,16,0.035714285714285712,0.125
200,17,0.035714285714285712,0.14285714285714285
200,18,0.071428571428571425,0.1607142857142857
200,19,0.071428571428571425,0.1607142857142857
210,2,0.1964285714285714,0.17857142857142855
210,3,0.14285714285714285,0.14285714285714285
210,4,0.14285714285714285,0.1607142857142857
210,5,0.10714285714285712,0.1607142857142857
210,6,0.1607142857142857,0.19642857142857142
210,7,0.1607142857142857,0.26785714285714285
210,8,0.1607142857142857,0.23214285714285712
210,9,0.14285714285714285,0.21428571428571427
210,10,0.089285714285714274,0.17857142857142855
210,11,0.14285714285714285,0.17857142857142855
210,12,0.089285714285714274,0.1964285714285714
210,13,0.10714285714285714,0.17857142857142855
210,14,0.089285714285714274,0.17857142857142855
210,15,0.089285714285714274,0.14285714285714285
210,16,0.14285714285714285,0.12499999999999999
210,17,0.12499999999999999,0.125
210,18,0.10714285714285714,0.10714285714285714
210,19,0.12499999999999999,0.12499999999999999
220,2,0.17857142857142855,0.1964285714285714
220,3,0.14285714285714285,0.19642857142857142
220,4,0.1607142857142857,0.17857142857142858
220,5,0.089285714285714274,0.1964285714285714
220,6,0.10714285714285712,0.17857142857142855
220,7,0.089285714285714274,0.21428571428571427
220,8,0.14285714285714285,0.23214285714285715
220,9,0.089285714285714274,0.19642857142857142
220,10,0.089285714285714274,0.1607142857142857
220,11,0.053571428571428568,0.12499999999999999
220,12,0.035714285714285712,0.125
220,13,0.035714285714285712,0.1607142857142857
220,14,0.10714285714285714,0.1607142857142857
220,15,0.089285714285714274,0.14285714285714285
220,16,0.071428571428571425,0.10714285714285714
220,17,0.071428571428571425,0.125
220,18,0.053571428571428568,0.125
220,19,0.053571428571428568,0.125
230,2,0.1607142857142857,0.19642857142857142
230,3,0.14285714285714285,0.17857142857142855
230,4,0.17857142857142855,0.17857142857142855
230,5,0.10714285714285714,0.1607142857142857
230,6,0.10714285714285712,0.14285714285714285
230,7,0.071428571428571425,0.14285714285714285
230,8,0.10714285714285714,0.1607142857142857
230,9,0.071428571428571425,0.17857142857142855
230,10,0.071428571428571425,0.1607142857142857
230,11,0.089285714285714274,0.14285714285714285
230,12,0.10714285714285712,0.125
230,13,0.10714285714285712,0.125
230,14,0.12499999999999999,0.125
230,15,0.125,0.14285714285714285
230,16,0.10714285714285714,0.14285714285714285
230,17,0.10714285714285714,0.1607142857142857
230,18,0.089285714285714274,0.125
230,19,0.071428571428571425,0.125
240,2,0.3214285714285714,0.1607142857142857
240,3,0.21428571428571427,0.26785714285714279
240,4,0.14285714285714285,0.1964285714285714
240,5,0.125,0.1964285714285714
240,6,0.14285714285714285,0.17857142857142855
240,7,0.14285714285714285,0.17857142857142855
240,8,0.17857142857142855,0.23214285714285712
240,9,0.21428571428571427,0.21428571428571427
240,10,0.14285714285714285,0.1964285714285714
240,11,0.14285714285714285,0.23214285714285712
240,12,0.1607142857142857,0.21428571428571425
240,13,0.1607142857142857,0.23214285714285712
240,14,0.17857142857142858,0.21428571428571427
240,15,0.1607142857142857,0.1964285714285714
240,16,0.1607142857142857,0.1964285714285714
240,17,0.17857142857142858,0.17857142857142855
240,18,0.17857142857142855,0.1607142857142857
240,19,0.17857142857142855,0.1607142857142857
250,2,0.1607142857142857,0.21428571428571427
250,3,0.14285714285714285,0.1607142857142857
250,4,0.089285714285714274,0.1607142857142857
250,5,0.12499999999999999,0.1607142857142857
250,6,0.035714285714285712,0.1964285714285714
250,7,0.071428571428571425,0.10714285714285714
250,8,0.053571428571428568,0.125
250,9,0.071428571428571425,0.1607142857142857
250,10,0.089285714285714274,0.10714285714285712
250,11,0.10714285714285712,0.10714285714285712
250,12,0.10714285714285712,0.071428571428571425
250,13,0.10714285714285712,0.071428571428571425
250,14,0.089285714285714274,0.071428571428571425
250,15,0.089285714285714274,0.071428571428571425
250,16,0.089285714285714274,0.089285714285714274
250,17,0.071428571428571425,0.089285714285714274
250,18,0.089285714285714274,0.089285714285714274
250,19,0.10714285714285714,0.089285714285714274
260,2,0.3571428571428571,0.1607142857142857
260,3,0.19642857142857142,0.23214285714285712
260,4,0.125,0.23214285714285712
260,5,0.089285714285714274,0.1964285714285714
260,6,0.071428571428571425,0.21428571428571427
260,7,0.071428571428571425,0.23214285714285712
260,8,0.089285714285714274,0.26785714285714279
260,9,0.053571428571428568,0.26785714285714279
260,10,0.053571428571428568,0.26785714285714279
260,11,0.089285714285714274,0.23214285714285712
260,12,0.12499999999999999,0.24999999999999997
260,13,0.10714285714285714,0.26785714285714279
260,14,0.1607142857142857,0.24999999999999997
260,15,0.14285714285714285,0.17857142857142855
260,16,0.14285714285714285,0.23214285714285712
260,17,0.10714285714285712,0.25
260,18,0.089285714285714274,0.19642857142857142
260,19,0.10714285714285712,0.21428571428571427
270,2,0.3392857142857143,0.14285714285714285
270,3,0.21428571428571427,0.23214285714285712
270,4,0.089285714285714274,0.17857142857142855
270,5,0.125,0.17857142857142855
270,6,0.17857142857142855,0.19642857142857142
270,7,0.14285714285714285,0.1607142857142857
270,8,0.10714285714285714,0.17857142857142855
270,9,0.1607142857142857,0.19642857142857142
270,10,0.1607142857142857,0.21428571428571427
270,11,0.14285714285714285,0.23214285714285715
270,12,0.1964285714285714,0.23214285714285715
270,13,0.1964285714285714,0.21428571428571427
270,14,0.21428571428571427,0.1964285714285714
270,15,0.21428571428571427,0.23214285714285712
270,16,0.1607142857142857,0.23214285714285712
270,17,0.12499999999999999,0.23214285714285712
270,18,0.1607142857142857,0.21428571428571427
270,19,0.19642857142857142,0.23214285714285712
280,2,0.3392857142857143,0.14285714285714285
280,3,0.21428571428571427,0.26785714285714279
280,4,0.10714285714285712,0.23214285714285712
280,5,0.125,0.23214285714285712
280,6,0.1607142857142857,0.21428571428571427
280,7,0.1607142857142857,0.19642857142857142
280,8,0.1964285714285714,0.21428571428571427
280,9,0.1607142857142857,0.19642857142857142
280,10,0.14285714285714285,0.17857142857142858
280,11,0.1607142857142857,0.21428571428571427
280,12,0.17857142857142855,0.23214285714285712
280,13,0.1964285714285714,0.23214285714285712
280,14,0.1964285714285714,0.17857142857142855
280,15,0.17857142857142855,0.1964285714285714
280,16,0.17857142857142855,0.1607142857142857
280,17,0.17857142857142855,0.1964285714285714
280,18,0.21428571428571427,0.1964285714285714
280,19,0.21428571428571427,0.17857142857142855
290,2,0.3214285714285714,0.1964285714285714
290,3,0.21428571428571427,0.25
290,4,0.10714285714285714,0.26785714285714279
290,5,0.14285714285714285,0.21428571428571427
290,6,0.14285714285714285,0.24999999999999997
290,7,0.1607142857142857,0.1964285714285714
290,8,0.14285714285714285,0.21428571428571427
290,9,0.1607142857142857,0.21428571428571427
290,10,0.17857142857142855,0.19642857142857142
290,11,0.14285714285714285,0.1607142857142857
290,12,0.12499999999999999,0.17857142857142858
290,13,0.1607142857142857,0.17857142857142858
290,14,0.14285714285714285,0.14285714285714285
290,15,0.14285714285714285,0.12499999999999999
290,16,0.10714285714285714,0.10714285714285712
290,17,0.089285714285714274,0.125
290,18,0.125,0.125
290,19,0.089285714285714274,0.14285714285714285
300,2,0.3214285714285714,0.1964285714285714
300,3,0.1964285714285714,0.30357142857142855
300,4,0.14285714285714285,0.19642857142857142
300,5,0.1607142857142857,0.23214285714285712
300,6,0.17857142857142855,0.26785714285714279
300,7,0.1607142857142857,0.23214285714285712
300,8,0.17857142857142855,0.21428571428571427
300,9,0.1607142857142857,0.23214285714285712
300,10,0.1964285714285714,0.23214285714285712
300,11,0.1607142857142857,0.26785714285714279
300,12,0.1607142857142857,0.23214285714285712
300,13,0.1607142857142857,0.21428571428571427
300,14,0.19642857142857142,0.21428571428571427
300,15,0.19642857142857142,0.17857142857142855
300,16,0.1607142857142857,0.17857142857142855
300,17,0.17857142857142855,0.17857142857142855
300,18,0.1964285714285714,0.17857142857142855
300,19,0.1964285714285714,0.14285714285714285
310,2,0.33928571428571425,0.1607142857142857
310,3,0.1964285714285714,0.25
310,4,0.14285714285714285,0.19642857142857142
310,5,0.125,0.17857142857142855
310,6,0.089285714285714274,0.17857142857142855
310,7,0.089285714285714274,0.26785714285714285
310,8,0.14285714285714285,0.23214285714285715
310,9,0.10714285714285714,0.21428571428571425
310,10,0.089285714285714274,0.21428571428571427
310,11,0.10714285714285714,0.21428571428571427
310,12,0.125,0.21428571428571427
310,13,0.10714285714285714,0.21428571428571427
310,14,0.10714285714285714,0.23214285714285712
310,15,0.17857142857142855,0.23214285714285712
310,16,0.17857142857142855,0.23214285714285712
310,17,0.1607142857142857,0.21428571428571427
310,18,0.1607142857142857,0.21428571428571427
310,19,0.1607142857142857,0.19642857142857142
320,2,0.3214285714285714,0.21428571428571425
320,3,0.23214285714285712,0.23214285714285712
320,4,0.1607142857142857,0.17857142857142855
320,5,0.17857142857142855,0.1607142857142857
320,6,0.14285714285714285,0.17857142857142855
320,7,0.089285714285714274,0.1964285714285714
320,8,0.125,0.17857142857142855
320,9,0.1607142857142857,0.17857142857142855
320,10,0.14285714285714285,0.21428571428571425
320,11,0.14285714285714285,0.23214285714285712
320,12,0.1607142857142857,0.23214285714285712
320,13,0.23214285714285712,0.21428571428571425
320,14,0.17857142857142855,0.1964285714285714
320,15,0.1607142857142857,0.1964285714285714
320,16,0.089285714285714274,0.17857142857142855
320,17,0.1607142857142857,0.125
320,18,0.17857142857142855,0.125
320,19,0.14285714285714285,0.10714285714285714
330,2,0.3214285714285714,0.21428571428571425
330,3,0.17857142857142855,0.23214285714285715
330,4,0.14285714285714285,0.14285714285714285
330,5,0.17857142857142855,0.125
330,6,0.21428571428571425,0.1607142857142857
330,7,0.14285714285714285,0.125
330,8,0.12499999999999999,0.125
330,9,0.125,0.1964285714285714
330,10,0.10714285714285714,0.17857142857142855
330,11,0.10714285714285714,0.1964285714285714
330,12,0.125,0.17857142857142855
330,13,0.14285714285714285,0.17857142857142855
330,14,0.089285714285714274,0.1607142857142857
330,15,0.089285714285714274,0.14285714285714285
330,16,0.071428571428571425,0.14285714285714285
330,17,0.053571428571428568,0.14285714285714285
330,18,0.071428571428571425,0.14285714285714285
330,19,0.071428571428571425,0.14285714285714285
340,2,0.3214285714285714,0.21428571428571425
340,3,0.1607142857142857,0.19642857142857142
340,4,0.125,0.17857142857142858
340,5,0.17857142857142855,0.14285714285714285
340,6,0.23214285714285712,0.19642857142857142
340,7,0.19642857142857142,0.17857142857142855
340,8,0.14285714285714285,0.17857142857142855
340,9,0.071428571428571425,0.19642857142857142
340,10,0.125,0.17857142857142855
340,11,0.1607142857142857,0.1964285714285714
340,12,0.17857142857142855,0.1607142857142857
340,13,0.12499999999999999,0.1607142857142857
340,14,0.14285714285714285,0.14285714285714285
340,15,0.14285714285714285,0.125
340,16,0.14285714285714285,0.10714285714285714
340,17,0.14285714285714285,0.10714285714285714
340,18,0.14285714285714285,0.089285714285714274
340,19,0.14285714285714285,0.089285714285714274
350,2,0.30357142857142855,0.21428571428571425
350,3,0.21428571428571427,0.23214285714285712
350,4,0.14285714285714285,0.19642857142857142
350,5,0.125,0.125
350,6,0.19642857142857142,0.21428571428571427
350,7,0.1964285714285714,0.1964285714285714
350,8,0.1607142857142857,0.21428571428571427
350,9,0.17857142857142855,0.21428571428571427
350,10,0.21428571428571427,0.26785714285714285
350,11,0.17857142857142855,0.25
350,12,0.14285714285714285,0.1964285714285714
350,13,0.17857142857142855,0.17857142857142855
350,14,0.17857142857142855,0.1607142857142857
350,15,0.14285714285714285,0.17857142857142855
350,16,0.17857142857142855,0.14285714285714285
350,17,0.12499999999999999,0.14285714285714285
350,18,0.14285714285714285,0.1607142857142857
350,19,0.14285714285714285,0.1607142857142857
360,2,0.3214285714285714,0.21428571428571425
360,3,0.21428571428571427,0.1964285714285714
360,4,0.1607142857142857,0.1964285714285714
360,5,0.19642857142857142,0.14285714285714285
360,6,0.23214285714285715,0.2857142857142857
360,7,0.14285714285714285,0.26785714285714279
360,8,0.1607142857142857,0.26785714285714279
360,9,0.1964285714285714,0.30357142857142855
360,10,0.17857142857142855,0.26785714285714279
360,11,0.1607142857142857,0.2857142857142857
360,12,0.17857142857142855,0.2857142857142857
360,13,0.1607142857142857,0.2857142857142857
360,14,0.17857142857142855,0.25
360,15,0.17857142857142855,0.25
360,16,0.21428571428571427,0.21428571428571427
360,17,0.19642857142857142,0.23214285714285712
360,18,0.1607142857142857,0.23214285714285712
360,19,0.17857142857142855,0.25
370,2,0.33928571428571425,0.21428571428571425
370,3,0.21428571428571425,0.17857142857142855
370,4,0.17857142857142855,0.1964285714285714
370,5,0.21428571428571427,0.14285714285714285
370,6,0.21428571428571427,0.23214285714285712
370,7,0.1607142857142857,0.26785714285714285
370,8,0.1964285714285714,0.2857142857142857
370,9,0.14285714285714285,0.2857142857142857
370,10,0.14285714285714285,0.26785714285714285
370,11,0.10714285714285714,0.25
370,12,0.14285714285714285,0.21428571428571427
370,13,0.14285714285714285,0.1964285714285714
370,14,0.10714285714285714,0.21428571428571427
370,15,0.10714285714285714,0.1964285714285714
370,16,0.14285714285714285,0.17857142857142855
370,17,0.14285714285714285,0.19642857142857142
370,18,0.14285714285714285,0.17857142857142858
370,19,0.1607142857142857,0.1607142857142857
380,2,0.3214285714285714,0.1964285714285714
380,3,0.23214285714285715,0.1964285714285714
380,4,0.1964285714285714,0.19642857142857142
380,5,0.21428571428571427,0.17857142857142855
380,6,0.1964285714285714,0.1607142857142857
380,7,0.17857142857142855,0.1607142857142857
380,8,0.1607142857142857,0.17857142857142855
380,9,0.1964285714285714,0.17857142857142855
380,10,0.17857142857142855,0.1964285714285714
380,11,0.21428571428571427,0.1964285714285714
380,12,0.21428571428571427,0.1964285714285714
380,13,0.26785714285714285,0.17857142857142855
380,14,0.23214285714285715,0.1607142857142857
380,15,0.21428571428571427,0.1607142857142857
380,16,0.23214285714285715,0.1607142857142857
380,17,0.1964285714285714,0.17857142857142855
380,18,0.21428571428571427,0.23214285714285715
380,19,0.1607142857142857,0.25
390,2,0.23214285714285712,0.30357142857142855
390,3,0.17857142857142855,0.23214285714285715
390,4,0.1607142857142857,0.17857142857142855
390,5,0.17857142857142855,0.1964285714285714
390,6,0.1964285714285714,0.14285714285714285
390,7,0.17857142857142855,0.125
390,8,0.17857142857142855,0.21428571428571425
390,9,0.21428571428571427,0.1964285714285714
390,10,0.21428571428571427,0.23214285714285712
390,11,0.21428571428571427,0.1607142857142857
390,12,0.17857142857142855,0.1607142857142857
390,13,0.21428571428571427,0.1607142857142857
390,14,0.1964285714285714,0.21428571428571427
390,15,0.21428571428571427,0.1964285714285714
390,16,0.23214285714285712,0.1964285714285714
390,17,0.21428571428571427,0.1964285714285714
390,18,0.1964285714285714,0.1964285714285714
390,19,0.1964285714285714,0.21428571428571425
400,2,0.17857142857142858,0.23214285714285715
400,3,0.089285714285714274,0.14285714285714285
400,4,0.125,0.14285714285714285
400,5,0.071428571428571425,0.071428571428571425
400,6,0.12499999999999999,0.14285714285714285
400,7,0.125,0.12499999999999999
400,8,0.1607142857142857,0.053571428571428568
400,9,0.125,0.071428571428571425
400,10,0.14285714285714285,0.053571428571428568
400,11,0.10714285714285714,0.10714285714285714
400,12,0.089285714285714274,0.10714285714285714
400,13,0.089285714285714274,0.089285714285714274
400,14,0.071428571428571425,0.053571428571428568
400,15,0.053571428571428568,0.071428571428571425
400,16,0.053571428571428568,0.071428571428571425
400,17,0.089285714285714274,0.071428571428571425
400,18,0.089285714285714274,0.089285714285714274
400,19,0.10714285714285714,0.089285714285714274
410,2,0.23214285714285712,0.30357142857142855
410,3,0.25,0.17857142857142855
410,4,0.26785714285714285,0.23214285714285712
410,5,0.25,0.17857142857142855
410,6,0.3571428571428571,0.23214285714285712
410,7,0.3214285714285714,0.23214285714285712
410,8,0.33928571428571425,0.1964285714285714
410,9,0.26785714285714285,0.1964285714285714
410,10,0.26785714285714285,0.19642857142857142
410,11,0.24999999999999997,0.1964285714285714
410,12,0.24999999999999997,0.1964285714285714
410,13,0.25,0.17857142857142855
410,14,0.23214285714285715,0.21428571428571425
410,15,0.25,0.24999999999999997
410,16,0.24999999999999997,0.23214285714285712
410,17,0.26785714285714285,0.23214285714285712
410,18,0.24999999999999997,0.21428571428571425
410,19,0.25,0.23214285714285712
420,2,0.2857142857142857,0.21428571428571425
420,3,0.14285714285714285,0.19642857142857142
420,4,0.1964285714285714,0.14285714285714285
420,5,0.1607142857142857,0.089285714285714274
420,6,0.1607142857142857,0.10714285714285714
420,7,0.1607142857142857,0.089285714285714274
420,8,0.125,0.089285714285714274
420,9,0.10714285714285714,0.089285714285714274
420,10,0.1607142857142857,0.089285714285714274
420,11,0.1607142857142857,0.089285714285714274
420,12,0.17857142857142855,0.089285714285714274
420,13,0.1607142857142857,0.089285714285714274
420,14,0.14285714285714285,0.10714285714285712
420,15,0.125,0.14285714285714285
420,16,0.10714285714285714,0.10714285714285712
420,17,0.125,0.10714285714285712
420,18,0.125,0.125
420,19,0.125,0.125
430,2,0.2857142857142857,0.23214285714285712
430,3,0.14285714285714285,0.19642857142857142
430,4,0.17857142857142855,0.14285714285714285
430,5,0.1607142857142857,0.089285714285714274
430,6,0.14285714285714285,0.10714285714285714
430,7,0.10714285714285714,0.071428571428571425
430,8,0.10714285714285714,0.10714285714285714
430,9,0.125,0.10714285714285714
430,10,0.14285714285714285,0.125
430,11,0.1607142857142857,0.10714285714285714
430,12,0.14285714285714285,0.089285714285714274
430,13,0.14285714285714285,0.089285714285714274
430,14,0.17857142857142855,0.089285714285714274
430,15,0.1964285714285714,0.10714285714285714
430,16,0.1607142857142857,0.125
430,17,0.17857142857142855,0.10714285714285714
430,18,0.17857142857142855,0.125
430,19,0.1607142857142857,0.14285714285714285
440,2,0.26785714285714279,0.3214285714285714
440,3,0.19642857142857142,0.17857142857142855
440,4,0.17857142857142855,0.21428571428571427
440,5,0.17857142857142858,0.24999999999999997
440,6,0.19642857142857142,0.2857142857142857
440,7,0.19642857142857142,0.21428571428571427
440,8,0.19642857142857142,0.23214285714285712
440,9,0.19642857142857142,0.23214285714285712
440,10,0.14285714285714285,0.23214285714285712
440,11,0.19642857142857142,0.26785714285714279
440,12,0.21428571428571427,0.23214285714285712
440,13,0.19642857142857142,0.23214285714285712
440,14,0.1964285714285714,0.21428571428571425
440,15,0.21428571428571427,0.21428571428571427
440,16,0.1607142857142857,0.21428571428571427
440,17,0.21428571428571427,0.23214285714285712
440,18,0.21428571428571427,0.23214285714285712
440,19,0.17857142857142855,0.25
450,2,0.26785714285714279,0.3214285714285714
450,3,0.19642857142857142,0.17857142857142855
450,4,0.17857142857142855,0.21428571428571425
450,5,0.1607142857142857,0.23214285714285715
450,6,0.17857142857142855,0.23214285714285712
450,7,0.1964285714285714,0.25
450,8,0.19642857142857142,0.25
450,9,0.23214285714285712,0.25
450,10,0.1964285714285714,0.26785714285714285
450,11,0.19642857142857142,0.21428571428571427
450,12,0.19642857142857142,0.21428571428571425
450,13,0.21428571428571427,0.25
450,14,0.17857142857142855,0.23214285714285712
450,15,0.17857142857142855,0.23214285714285712
450,16,0.21428571428571427,0.23214285714285712
450,17,0.1964285714285714,0.25
450,18,0.17857142857142855,0.26785714285714285
450,19,0.21428571428571427,0.2857142857142857
460,2,0.26785714285714279,0.3214285714285714
460,3,0.17857142857142855,0.17857142857142855
460,4,0.14285714285714285,0.21428571428571427
460,5,0.1964285714285714,0.23214285714285712
460,6,0.19642857142857142,0.21428571428571427
460,7,0.1607142857142857,0.24999999999999997
460,8,0.1607142857142857,0.24999999999999997
460,9,0.17857142857142858,0.26785714285714285
460,10,0.19642857142857142,0.26785714285714285
460,11,0.17857142857142855,0.24999999999999997
460,12,0.14285714285714285,0.21428571428571427
460,13,0.17857142857142858,0.21428571428571427
460,14,0.14285714285714285,0.1964285714285714
460,15,0.1607142857142857,0.23214285714285712
460,16,0.1607142857142857,0.26785714285714285
460,17,0.14285714285714285,0.26785714285714285
460,18,0.17857142857142855,0.2857142857142857
460,19,0.17857142857142855,0.2857142857142857
470,2,0.3392857142857143,0.2857142857142857
470,3,0.25,0.25
470,4,0.25,0.3214285714285714
470,5,0.2857142857142857,0.3214285714285714
470,6,0.26785714285714279,0.3392857142857143
470,7,0.26785714285714285,0.3392857142857143
470,8,0.2857142857142857,0.35714285714285715
470,9,0.2857142857142857,0.3571428571428571
470,10,0.2857142857142857,0.3571428571428571
470,11,0.26785714285714285,0.375
470,12,0.23214285714285712,0.35714285714285715
470,13,0.26785714285714285,0.375
470,14,0.26785714285714285,0.3571428571428571
470,15,0.25,0.33928571428571425
470,16,0.26785714285714285,0.33928571428571425
470,17,0.2857142857142857,0.33928571428571425
470,18,0.2857142857142857,0.30357142857142855
470,19,0.2857142857142857,0.3571428571428571
480,2,0.24999999999999997,0.21428571428571427
480,3,0.10714285714285714,0.14285714285714285
480,4,0.089285714285714274,0.12499999999999999
480,5,0.10714285714285714,0.089285714285714274
480,6,0.017857142857142856,0.053571428571428568
480,7,0.035714285714285712,0.071428571428571425
480,8,0.089285714285714274,0.071428571428571425
480,9,0.071428571428571425,0.053571428571428568
480,10,0.125,0.089285714285714274
480,11,0.125,0.12499999999999999
480,12,0.089285714285714274,0.12499999999999999
480,13,0.10714285714285714,0.10714285714285714
480,14,0.10714285714285712,0.10714285714285714
480,15,0.053571428571428568,0.071428571428571425
480,16,0.053571428571428568,0.071428571428571425
480,17,0.053571428571428568,0.089285714285714274
480,18,0.071428571428571425,0.10714285714285714
480,19,0.10714285714285712,0.089285714285714274
490,2,0.26785714285714279,0.21428571428571427
490,3,0.125,0.14285714285714285
490,4,0.14285714285714285,0.17857142857142855
490,5,0.125,0.10714285714285714
490,6,0.089285714285714274,0.12499999999999999
490,7,0.071428571428571425,0.14285714285714285
490,8,0.071428571428571425,0.12499999999999999
490,9,0.14285714285714285,0.12499999999999999
490,10,0.10714285714285714,0.12499999999999999
490,11,0.14285714285714285,0.14285714285714285
490,12,0.1607142857142857,0.10714285714285714
490,13,0.10714285714285714,0.10714285714285714
490,14,0.17857142857142855,0.10714285714285714
490,15,0.14285714285714285,0.089285714285714274
490,16,0.125,0.089285714285714274
490,17,0.10714285714285712,0.089285714285714274
490,18,0.089285714285714274,0.10714285714285714
490,19,0.10714285714285714,0.089285714285714274
500,2,0.26785714285714285,0.19642857142857142
500,3,0.21428571428571427,0.30357142857142855
500,4,0.1607142857142857,0.23214285714285715
500,5,0.17857142857142855,0.1964285714285714
500,6,0.1607142857142857,0.1964285714285714
500,7,0.1607142857142857,0.1964285714285714
500,8,0.14285714285714285,0.1607142857142857
500,9,0.1607142857142857,0.17857142857142855
500,10,0.10714285714285714,0.17857142857142855
500,11,0.125,0.1607142857142857
500,12,0.14285714285714285,0.1964285714285714
500,13,0.14285714285714285,0.17857142857142855
500,14,0.14285714285714285,0.1607142857142857
500,15,0.125,0.14285714285714285
500,16,0.14285714285714285,0.14285714285714285
500,17,0.125,0.10714285714285714
500,18,0.14285714285714285,0.089285714285714274
500,19,0.14285714285714285,0.089285714285714274
510,2,0.25,0.1964285714285714
510,3,0.17857142857142855,0.21428571428571427
510,4,0.17857142857142855,0.1607142857142857
510,5,0.14285714285714285,0.1607142857142857
510,6,0.089285714285714274,0.1607142857142857
510,7,0.10714285714285714,0.14285714285714285
510,8,0.10714285714285714,0.14285714285714285
510,9,0.1607142857142857,0.1607142857142857
510,10,0.14285714285714285,0.1607142857142857
510,11,0.125,0.14285714285714285
510,12,0.071428571428571425,0.10714285714285712
510,13,0.071428571428571425,0.12499999999999999
510,14,0.053571428571428568,0.10714285714285714
510,15,0.053571428571428568,0.089285714285714274
510,16,0.071428571428571425,0.10714285714285714
510,17,0.071428571428571425,0.10714285714285714
510,18,0.071428571428571425,0.089285714285714274
510,19,0.089285714285714274,0.089285714285714274
520,2,0.23214285714285712,0.19642857142857142
520,3,0.089285714285714274,0.17857142857142855
520,4,0.12499999999999999,0.1607142857142857
520,5,0.125,0.125
520,6,0.10714285714285714,0.12499999999999999
520,7,0.089285714285714274,0.089285714285714274
520,8,0.10714285714285712,0.089285714285714274
520,9,0.10714285714285714,0.12499999999999999
520,10,0.10714285714285714,0.089285714285714274
520,11,0.12499999999999999,0.089285714285714274
520,12,0.12499999999999999,0.10714285714285714
520,13,0.12499999999999999,0.14285714285714285
520,14,0.14285714285714285,0.12499999999999999
520,15,0.1607142857142857,0.14285714285714285
520,16,0.14285714285714285,0.125
520,17,0.10714285714285714,0.12499999999999999
520,18,0.089285714285714274,0.089285714285714274
520,19,0.089285714285714274,0.10714285714285714
530,2,0.25,0.21428571428571427
530,3,0.17857142857142858,0.1964285714285714
530,4,0.10714285714285714,0.14285714285714285
530,5,0.10714285714285712,0.14285714285714285
530,6,0.1607142857142857,0.14285714285714285
530,7,0.1607142857142857,0.14285714285714285
530,8,0.14285714285714285,0.14285714285714285
530,9,0.19642857142857142,0.125
530,10,0.14285714285714285,0.089285714285714274
530,11,0.14285714285714285,0.071428571428571425
530,12,0.1607142857142857,0.071428571428571425
530,13,0.1607142857142857,0.10714285714285714
530,14,0.125,0.10714285714285714
530,15,0.125,0.089285714285714274
530,16,0.10714285714285714,0.089285714285714274
530,17,0.10714285714285714,0.071428571428571425
530,18,0.12499999999999999,0.071428571428571425
530,19,0.12499999999999999,0.071428571428571425
540,2,0.25,0.23214285714285712
540,3,0.21428571428571427,0.23214285714285712
540,4,0.089285714285714274,0.1607142857142857
540,5,0.089285714285714274,0.17857142857142855
540,6,0.1607142857142857,0.1607142857142857
540,7,0.17857142857142855,0.1607142857142857
540,8,0.1607142857142857,0.125
540,9,0.1964285714285714,0.1607142857142857
540,10,0.1607142857142857,0.125
540,11,0.125,0.10714285714285714
540,12,0.125,0.10714285714285714
540,13,0.12499999999999999,0.12499999999999999
540,14,0.125,0.14285714285714285
540,15,0.10714285714285712,0.12499999999999999
540,16,0.089285714285714274,0.12499999999999999
540,17,0.10714285714285712,0.12499999999999999
540,18,0.071428571428571425,0.071428571428571425
540,19,0.10714285714285712,0.071428571428571425
550,2,0.2857142857142857,0.26785714285714285
550,3,0.17857142857142858,0.21428571428571427
550,4,0.089285714285714274,0.19642857142857142
550,5,0.071428571428571425,0.1964285714285714
550,6,0.10714285714285712,0.1607142857142857
550,7,0.10714285714285714,0.1607142857142857
550,8,0.10714285714285712,0.1607142857142857
550,9,0.12499999999999999,0.17857142857142855
550,10,0.14285714285714285,0.1607142857142857
550,11,0.12499999999999999,0.125
550,12,0.10714285714285714,0.125
550,13,0.10714285714285712,0.14285714285714285
550,14,0.125,0.14285714285714285
550,15,0.10714285714285714,0.125
550,16,0.089285714285714274,0.125
550,17,0.10714285714285714,0.14285714285714285
550,18,0.10714285714285714,0.10714285714285714
550,19,0.089285714285714274,0.12499999999999999
560,2,0.25,0.23214285714285712
560,3,0.10714285714285714,0.14285714285714285
560,4,0.14285714285714285,0.125
560,5,0.14285714285714285,0.14285714285714285
560,6,0.071428571428571425,0.10714285714285714
560,7,0.071428571428571425,0.10714285714285714
560,8,0.035714285714285712,0.071428571428571425
560,9,0.071428571428571425,0.1607142857142857
560,10,0.089285714285714274,0.125
560,11,0.125,0.125
560,12,0.089285714285714274,0.1607142857142857
560,13,0.089285714285714274,0.125
560,14,0.089285714285714274,0.14285714285714285
560,15,0.089285714285714274,0.089285714285714274
560,16,0.071428571428571425,0.14285714285714285
560,17,0.089285714285714274,0.14285714285714285
560,18,0.089285714285714274,0.125
560,19,0.071428571428571425,0.14285714285714285
570,2,0.2857142857142857,0.23214285714285712
570,3,0.24999999999999997,0.26785714285714285
570,4,0.1607142857142857,0.21428571428571427
570,5,0.21428571428571425,0.23214285714285715
570,6,0.1607142857142857,0.1964285714285714
570,7,0.125,0.17857142857142855
570,8,0.17857142857142855,0.17857142857142855
570,9,0.125,0.17857142857142855
570,10,0.10714285714285714,0.17857142857142855
570,11,0.1607142857142857,0.14285714285714285
570,12,0.1607142857142857,0.125
570,13,0.14285714285714285,0.125
570,14,0.1607142857142857,0.089285714285714274
570,15,0.14285714285714285,0.089285714285714274
570,16,0.23214285714285715,0.125
570,17,0.1964285714285714,0.089285714285714274
570,18,0.14285714285714285,0.10714285714285714
570,19,0.1607142857142857,0.10714285714285714
580,2,0.30357142857142855,0.26785714285714285
580,3,0.125,0.2857142857142857
580,4,0.14285714285714285,0.1964285714285714
580,5,0.14285714285714285,0.21428571428571425
580,6,0.089285714285714274,0.17857142857142855
580,7,0.089285714285714274,0.17857142857142855
580,8,0.14285714285714285,0.23214285714285712
580,9,0.14285714285714285,0.23214285714285715
580,10,0.10714285714285714,0.1607142857142857
580,11,0.10714285714285714,0.1607142857142857
580,12,0.10714285714285714,0.1607142857142857
580,13,0.089285714285714274,0.1607142857142857
580,14,0.10714285714285714,0.125
580,15,0.10714285714285714,0.14285714285714285
580,16,0.089285714285714274,0.125
580,17,0.071428571428571425,0.10714285714285714
580,18,0.071428571428571425,0.089285714285714274
580,19,0.071428571428571425,0.125
590,2,0.3214285714285714,0.26785714285714285
590,3,0.1607142857142857,0.26785714285714285
590,4,0.125,0.1964285714285714
590,5,0.125,0.125
590,6,0.089285714285714274,0.21428571428571427
590,7,0.125,0.14285714285714285
590,8,0.10714285714285714,0.12499999999999999
590,9,0.10714285714285714,0.14285714285714285
590,10,0.089285714285714274,0.14285714285714285
590,11,0.071428571428571425,0.1607142857142857
590,12,0.071428571428571425,0.10714285714285714
590,13,0.071428571428571425,0.12499999999999999
590,14,0.10714285714285714,0.1607142857142857
590,15,0.10714285714285714,0.089285714285714274
590,16,0.089285714285714274,0.089285714285714274
590,17,0.035714285714285712,0.089285714285714274
590,18,0.053571428571428568,0.089285714285714274
590,19,0.053571428571428568,0.10714285714285714
600,2,0.2857142857142857,0.25
600,3,0.1607142857142857,0.25
600,4,0.125,0.17857142857142855
600,5,0.10714285714285714,0.125
600,6,0.10714285714285714,0.1607142857142857
600,7,0.071428571428571425,0.1607142857142857
600,8,0.1607142857142857,0.14285714285714285
600,9,0.14285714285714285,0.125
600,10,0.17857142857142855,0.125
600,11,0.14285714285714285,0.14285714285714285
600,12,0.125,0.14285714285714285
600,13,0.14285714285714285,0.12499999999999999
600,14,0.14285714285714285,0.1607142857142857
600,15,0.125,0.1607142857142857
600,16,0.125,0.089285714285714274
600,17,0.125,0.071428571428571425
600,18,0.1607142857142857,0.089285714285714274
600,19,0.1607142857142857,0.071428571428571425
610,2,0.2857142857142857,0.23214285714285712
610,3,0.1607142857142857,0.25
610,4,0.1607142857142857,0.17857142857142855
610,5,0.10714285714285714,0.125
610,6,0.14285714285714285,0.12499999999999999
610,7,0.071428571428571425,0.125
610,8,0.125,0.14285714285714285
610,9,0.125,0.14285714285714285
610,10,0.1607142857142857,0.14285714285714285
610,11,0.1607142857142857,0.14285714285714285
610,12,0.1964285714285714,0.1964285714285714
610,13,0.1607142857142857,0.1964285714285714
610,14,0.1607142857142857,0.1964285714285714
610,15,0.14285714285714285,0.12499999999999999
610,16,0.14285714285714285,0.12499999999999999
610,17,0.1607142857142857,0.17857142857142855
610,18,0.14285714285714285,0.17857142857142855
610,19,0.12499999999999999,0.14285714285714285
620,2,0.25,0.2857142857142857
620,3,0.17857142857142855,0.24999999999999997
620,4,0.24999999999999997,0.2857142857142857
620,5,0.17857142857142855,0.26785714285714279
620,6,0.14285714285714285,0.24999999999999997
620,7,0.1964285714285714,0.30357142857142855
620,8,0.25,0.2857142857142857
620,9,0.21428571428571427,0.3035714285714286
620,10,0.25,0.26785714285714279
620,11,0.2857142857142857,0.23214285714285712
620,12,0.1964285714285714,0.2857142857142857
620,13,0.23214285714285712,0.2857142857142857
620,14,0.25,0.30357142857142855
620,15,0.26785714285714285,0.2857142857142857
620,16,0.23214285714285712,0.26785714285714285
620,17,0.23214285714285712,0.23214285714285712
620,18,0.23214285714285712,0.23214285714285715
620,19,0.26785714285714285,0.21428571428571427
630,2,0.25,0.2857142857142857
630,3,0.1964285714285714,0.26785714285714285
630,4,0.17857142857142855,0.25
630,5,0.23214285714285712,0.23214285714285712
630,6,0.1607142857142857,0.1964285714285714
630,7,0.1607142857142857,0.23214285714285712
630,8,0.23214285714285712,0.1964285714285714
630,9,0.21428571428571425,0.24999999999999997
630,10,0.23214285714285712,0.23214285714285712
630,11,0.21428571428571425,0.24999999999999997
630,12,0.23214285714285715,0.23214285714285712
630,13,0.26785714285714285,0.25
630,14,0.21428571428571425,0.21428571428571427
630,15,0.17857142857142855,0.23214285714285712
630,16,0.21428571428571427,0.1964285714285714
630,17,0.21428571428571427,0.23214285714285715
630,18,0.1964285714285714,0.23214285714285712
630,19,0.17857142857142855,0.25
640,2,0.23214285714285712,0.26785714285714285
640,3,0.25,0.21428571428571425
640,4,0.25,0.26785714285714285
640,5,0.2857142857142857,0.26785714285714285
640,6,0.25,0.30357142857142855
640,7,0.21428571428571427,0.2857142857142857
640,8,0.21428571428571427,0.24999999999999997
640,9,0.21428571428571427,0.26785714285714285
640,10,0.21428571428571427,0.26785714285714285
640,11,0.21428571428571427,0.2857142857142857
640,12,0.1964285714285714,0.30357142857142855
640,13,0.21428571428571427,0.2857142857142857
640,14,0.1607142857142857,0.26785714285714285
640,15,0.21428571428571427,0.26785714285714285
640,16,0.1964285714285714,0.26785714285714285
640,17,0.1964285714285714,0.24999999999999997
640,18,0.1964285714285714,0.24999999999999997
640,19,0.21428571428571427,0.23214285714285712
650,2,0.30357142857142855,0.21428571428571427
650,3,0.14285714285714285,0.1607142857142857
650,4,0.14285714285714285,0.14285714285714285
650,5,0.1964285714285714,0.1607142857142857
650,6,0.19642857142857142,0.1607142857142857
650,7,0.14285714285714285,0.14285714285714285
650,8,0.14285714285714285,0.12499999999999999
650,9,0.1964285714285714,0.10714285714285714
650,10,0.1964285714285714,0.17857142857142855
650,11,0.1964285714285714,0.1964285714285714
650,12,0.21428571428571427,0.1607142857142857
650,13,0.1964285714285714,0.10714285714285714
650,14,0.17857142857142855,0.14285714285714285
650,15,0.23214285714285715,0.14285714285714285
650,16,0.21428571428571427,0.14285714285714285
650,17,0.21428571428571427,0.125
650,18,0.26785714285714285,0.10714285714285714
650,19,0.23214285714285712,0.089285714285714274
660,2,0.21428571428571425,0.21428571428571425
660,3,0.10714285714285712,0.21428571428571425
660,4,0.089285714285714274,0.17857142857142855
660,5,0.053571428571428568,0.19642857142857142
660,6,0.125,0.19642857142857142
660,7,0.1607142857142857,0.17857142857142855
660,8,0.12499999999999999,0.1964285714285714
660,9,0.12499999999999999,0.1607142857142857
660,10,0.10714285714285714,0.17857142857142855
660,11,0.1607142857142857,0.17857142857142855
660,12,0.1607142857142857,0.1607142857142857
660,13,0.125,0.17857142857142855
660,14,0.10714285714285714,0.125
660,15,0.10714285714285714,0.125
660,16,0.071428571428571425,0.071428571428571425
660,17,0.071428571428571425,0.071428571428571425
660,18,0.10714285714285714,0.071428571428571425
660,19,0.12499999999999999,0.071428571428571425
670,2,0.2857142857142857,0.21428571428571427
670,3,0.10714285714285712,0.1607142857142857
670,4,0.17857142857142855,0.1607142857142857
670,5,0.1964285714285714,0.17857142857142855
670,6,0.21428571428571427,0.1607142857142857
670,7,0.19642857142857142,0.17857142857142855
670,8,0.19642857142857142,0.1964285714285714
670,9,0.1964285714285714,0.17857142857142855
670,10,0.17857142857142855,0.17857142857142855
670,11,0.1607142857142857,0.17857142857142855
670,12,0.1964285714285714,0.14285714285714285
670,13,0.1964285714285714,0.1607142857142857
670,14,0.2321428571428571,0.14285714285714285
670,15,0.17857142857142855,0.10714285714285714
670,16,0.1964285714285714,0.125
670,17,0.17857142857142855,0.14285714285714285
670,18,0.14285714285714285,0.125
670,19,0.1607142857142857,0.12499999999999999
680,2,0.3214285714285714,0.21428571428571427
680,3,0.10714285714285714,0.17857142857142855
680,4,0.1607142857142857,0.17857142857142855
680,5,0.23214285714285712,0.1607142857142857
680,6,0.21428571428571427,0.125
680,7,0.12499999999999999,0.1607142857142857
680,8,0.14285714285714285,0.17857142857142855
680,9,0.23214285714285712,0.17857142857142855
680,10,0.19642857142857142,0.21428571428571427
680,11,0.17857142857142855,0.1964285714285714
680,12,0.19642857142857142,0.1607142857142857
680,13,0.19642857142857142,0.1607142857142857
680,14,0.1607142857142857,0.17857142857142855
680,15,0.14285714285714285,0.1964285714285714
680,16,0.1964285714285714,0.17857142857142855
680,17,0.1964285714285714,0.1607142857142857
680,18,0.17857142857142855,0.1607142857142857
680,19,0.17857142857142855,0.1607142857142857
690,2,0.33928571428571425,0.23214285714285715
690,3,0.1607142857142857,0.17857142857142855
690,4,0.1607142857142857,0.14285714285714285
690,5,0.1607142857142857,0.19642857142857142
690,6,0.125,0.12499999999999999
690,7,0.14285714285714285,0.14285714285714285
690,8,0.1607142857142857,0.125
690,9,0.12499999999999999,0.125
690,10,0.1607142857142857,0.14285714285714285
690,11,0.1964285714285714,0.125
690,12,0.19642857142857142,0.14285714285714285
690,13,0.17857142857142855,0.14285714285714285
690,14,0.1607142857142857,0.1607142857142857
690,15,0.17857142857142855,0.1607142857142857
690,16,0.17857142857142855,0.21428571428571427
690,17,0.17857142857142855,0.17857142857142855
690,18,0.14285714285714285,0.17857142857142855
690,19,0.125,0.17857142857142855
700,2,0.3214285714285714,0.23214285714285715
700,3,0.1607142857142857,0.1607142857142857
700,4,0.1607142857142857,0.089285714285714274
700,5,0.089285714285714274,0.10714285714285714
700,6,0.14285714285714285,0.071428571428571425
700,7,0.1607142857142857,0.089285714285714274
700,8,0.10714285714285714,0.125
700,9,0.125,0.10714285714285714
700,10,0.17857142857142855,0.1607142857142857
700,11,0.1607142857142857,0.1607142857142857
700,12,0.14285714285714285,0.1607142857142857
700,13,0.1964285714285714,0.14285714285714285
700,14,0.14285714285714285,0.12499999999999999
700,15,0.1607142857142857,0.14285714285714285
700,16,0.14285714285714285,0.14285714285714285
700,17,0.17857142857142855,0.14285714285714285
700,18,0.1607142857142857,0.1607142857142857
700,19,0.1607142857142857,0.1607142857142857
710,2,0.30357142857142855,0.21428571428571427
710,3,0.14285714285714285,0.1607142857142857
710,4,0.089285714285714274,0.1607142857142857
710,5,0.1607142857142857,0.1607142857142857
710,6,0.21428571428571427,0.14285714285714285
710,7,0.17857142857142855,0.17857142857142855
710,8,0.1607142857142857,0.17857142857142855
710,9,0.19642857142857142,0.19642857142857142
710,10,0.1607142857142857,0.23214285714285712
710,11,0.1607142857142857,0.21428571428571427
710,12,0.14285714285714285,0.1964285714285714
710,13,0.17857142857142855,0.17857142857142855
710,14,0.21428571428571427,0.19642857142857142
710,15,0.1607142857142857,0.10714285714285714
710,16,0.17857142857142855,0.10714285714285714
710,17,0.21428571428571427,0.125
710,18,0.21428571428571425,0.125
710,19,0.21428571428571425,0.125
720,2,0.23214285714285712,0.23214285714285715
720,3,0.1607142857142857,0.14285714285714285
720,4,0.14285714285714285,0.10714285714285714
720,5,0.14285714285714285,0.10714285714285714
720,6,0.14285714285714285,0.071428571428571425
720,7,0.125,0.10714285714285714
720,8,0.12499999999999999,0.089285714285714274
720,9,0.12499999999999999,0.089285714285714274
720,10,0.089285714285714274,0.125
720,11,0.10714285714285714,0.10714285714285714
720,12,0.125,0.125
720,13,0.10714285714285714,0.14285714285714285
720,14,0.10714285714285712,0.1607142857142857
720,15,0.1607142857142857,0.071428571428571425
720,16,0.14285714285714285,0.071428571428571425
720,17,0.1607142857142857,0.089285714285714274
720,18,0.125,0.10714285714285714
720,19,0.089285714285714274,0.089285714285714274
730,2,0.26785714285714279,0.25
730,3,0.17857142857142855,0.1964285714285714
730,4,0.17857142857142858,0.17857142857142858
730,5,0.1964285714285714,0.1607142857142857
730,6,0.21428571428571427,0.125
730,7,0.21428571428571427,0.125
730,8,0.14285714285714285,0.14285714285714285
730,9,0.10714285714285714,0.12499999999999999
730,10,0.14285714285714285,0.12499999999999999
730,11,0.21428571428571427,0.125
730,12,0.23214285714285712,0.14285714285714285
730,13,0.19642857142857142,0.19642857142857142
730,14,0.21428571428571427,0.1607142857142857
730,15,0.1964285714285714,0.125
730,16,0.23214285714285712,0.12499999999999999
730,17,0.23214285714285712,0.10714285714285714
730,18,0.19642857142857142,0.12499999999999999
730,19,0.17857142857142858,0.12499999999999999
740,2,0.21428571428571425,0.23214285714285715
740,3,0.125,0.1607142857142857
740,4,0.10714285714285714,0.10714285714285714
740,5,0.089285714285714274,0.14285714285714285
740,6,0.17857142857142855,0.12499999999999999
740,7,0.1607142857142857,0.12499999999999999
740,8,0.14285714285714285,0.125
740,9,0.14285714285714285,0.10714285714285714
740,10,0.12499999999999999,0.1607142857142857
740,11,0.14285714285714285,0.125
740,12,0.1607142857142857,0.14285714285714285
740,13,0.089285714285714274,0.17857142857142855
740,14,0.089285714285714274,0.17857142857142855
740,15,0.10714285714285714,0.14285714285714285
740,16,0.1607142857142857,0.14285714285714285
740,17,0.14285714285714285,0.125
740,18,0.14285714285714285,0.14285714285714285
740,19,0.14285714285714285,0.1607142857142857
750,2,0.24999999999999997,0.25
750,3,0.1607142857142857,0.17857142857142858
750,4,0.19642857142857142,0.1607142857142857
750,5,0.1607142857142857,0.1607142857142857
750,6,0.21428571428571427,0.14285714285714285
750,7,0.19642857142857142,0.1607142857142857
750,8,0.12499999999999999,0.14285714285714285
750,9,0.14285714285714285,0.14285714285714285
750,10,0.19642857142857142,0.14285714285714285
750,11,0.17857142857142855,0.14285714285714285
750,12,0.17857142857142855,0.1607142857142857
750,13,0.1964285714285714,0.1964285714285714
750,14,0.1607142857142857,0.1607142857142857
750,15,0.21428571428571427,0.1607142857142857
750,16,0.21428571428571427,0.1607142857142857
750,17,0.17857142857142855,0.1607142857142857
750,18,0.17857142857142855,0.1607142857142857
750,19,0.1607142857142857,0.1964285714285714
760,2,0.26785714285714279,0.21428571428571425
760,3,0.1607142857142857,0.17857142857142855
760,4,0.125,0.19642857142857142
760,5,0.1964285714285714,0.23214285714285715
760,6,0.089285714285714274,0.1964285714285714
760,7,0.1607142857142857,0.19642857142857142
760,8,0.1607142857142857,0.21428571428571427
760,9,0.14285714285714285,0.26785714285714285
760,10,0.1607142857142857,0.25
760,11,0.17857142857142855,0.23214285714285715
760,12,0.14285714285714285,0.17857142857142855
760,13,0.21428571428571427,0.1964285714285714
760,14,0.21428571428571427,0.1964285714285714
760,15,0.21428571428571425,0.17857142857142855
760,16,0.1964285714285714,0.26785714285714285
760,17,0.21428571428571425,0.21428571428571427
760,18,0.1607142857142857,0.23214285714285715
760,19,0.1964285714285714,0.21428571428571425
770,2,0.24999999999999997,0.17857142857142855
770,3,0.1607142857142857,0.17857142857142855
770,4,0.125,0.14285714285714285
770,5,0.1964285714285714,0.14285714285714285
770,6,0.1964285714285714,0.1964285714285714
770,7,0.1964285714285714,0.17857142857142855
770,8,0.19642857142857142,0.1964285714285714
770,9,0.14285714285714285,0.17857142857142855
770,10,0.1607142857142857,0.1964285714285714
770,11,0.14285714285714285,0.17857142857142855
770,12,0.17857142857142858,0.14285714285714285
770,13,0.1607142857142857,0.1964285714285714
770,14,0.12499999999999999,0.1964285714285714
770,15,0.12499999999999999,0.1964285714285714
770,16,0.14285714285714285,0.1964285714285714
770,17,0.14285714285714285,0.1964285714285714
770,18,0.17857142857142855,0.21428571428571427
770,19,0.1607142857142857,0.21428571428571427
780,2,0.24999999999999997,0.17857142857142855
780,3,0.12499999999999999,0.12499999999999999
780,4,0.125,0.12499999999999999
780,5,0.1607142857142857,0.14285714285714285
780,6,0.17857142857142855,0.17857142857142855
780,7,0.1607142857142857,0.1964285714285714
780,8,0.17857142857142858,0.17857142857142855
780,9,0.1964285714285714,0.17857142857142855
780,10,0.17857142857142858,0.1607142857142857
780,11,0.17857142857142858,0.17857142857142855
780,12,0.14285714285714285,0.1607142857142857
780,13,0.17857142857142858,0.14285714285714285
780,14,0.17857142857142855,0.1964285714285714
780,15,0.14285714285714285,0.17857142857142855
780,16,0.17857142857142855,0.17857142857142855
780,17,0.19642857142857142,0.17857142857142855
780,18,0.17857142857142855,0.14285714285714285
780,19,0.14285714285714285,0.125
790,2,0.24999999999999997,0.1607142857142857
790,3,0.1607142857142857,0.12499999999999999
790,4,0.14285714285714285,0.1607142857142857
790,5,0.17857142857142855,0.125
790,6,0.125,0.10714285714285714
790,7,0.1607142857142857,0.125
790,8,0.14285714285714285,0.1607142857142857
790,9,0.10714285714285712,0.1964285714285714
790,10,0.14285714285714285,0.1607142857142857
790,11,0.1607142857142857,0.1607142857142857
790,12,0.1607142857142857,0.1607142857142857
790,13,0.14285714285714285,0.17857142857142855
790,14,0.12499999999999999,0.1607142857142857
790,15,0.12499999999999999,0.14285714285714285
790,16,0.12499999999999999,0.1607142857142857
790,17,0.125,0.14285714285714285
790,18,0.14285714285714285,0.1607142857142857
790,19,0.14285714285714285,0.1607142857142857
800,2,0.26785714285714279,0.1607142857142857
800,3,0.1607142857142857,0.1607142857142857
800,4,0.10714285714285714,0.23214285714285712
800,5,0.089285714285714274,0.1607142857142857
800,6,0.10714285714285714,0.12499999999999999
800,7,0.1607142857142857,0.1607142857142857
800,8,0.125,0.14285714285714285
800,9,0.1607142857142857,0.14285714285714285
800,10,0.1964285714285714,0.17857142857142855
800,11,0.17857142857142858,0.21428571428571427
800,12,0.1607142857142857,0.17857142857142858
800,13,0.17857142857142858,0.17857142857142855
800,14,0.17857142857142855,0.1607142857142857
800,15,0.17857142857142855,0.1607142857142857
800,16,0.1964285714285714,0.14285714285714285
800,17,0.1964285714285714,0.17857142857142855
800,18,0.14285714285714285,0.1964285714285714
800,19,0.125,0.1607142857142857
810,2,0.24999999999999997,0.125
810,3,0.10714285714285714,0.14285714285714285
810,4,0.1607142857142857,0.1607142857142857
810,5,0.1964285714285714,0.1607142857142857
810,6,0.125,0.17857142857142855
810,7,0.14285714285714285,0.19642857142857142
810,8,0.10714285714285714,0.1607142857142857
810,9,0.14285714285714285,0.125
810,10,0.14285714285714285,0.10714285714285714
810,11,0.17857142857142855,0.10714285714285714
810,12,0.17857142857142855,0.1607142857142857
810,13,0.1607142857142857,0.14285714285714285
810,14,0.17857142857142855,0.17857142857142858
810,15,0.17857142857142855,0.17857142857142858
810,16,0.21428571428571427,0.1607142857142857
810,17,0.1964285714285714,0.1607142857142857
810,18,0.17857142857142855,0.12499999999999999
810,19,0.14285714285714285,0.14285714285714285
820,2,0.21428571428571427,0.1607142857142857
820,3,0.1607142857142857,0.19642857142857142
820,4,0.23214285714285715,0.1964285714285714
820,5,0.25,0.17857142857142855
820,6,0.17857142857142855,0.14285714285714285
820,7,0.1607142857142857,0.125
820,8,0.10714285714285714,0.125
820,9,0.1607142857142857,0.125
820,10,0.1607142857142857,0.1607142857142857
820,11,0.1607142857142857,0.1607142857142857
820,12,0.17857142857142855,0.17857142857142855
820,13,0.17857142857142855,0.17857142857142855
820,14,0.14285714285714285,0.17857142857142855
820,15,0.19642857142857142,0.17857142857142855
820,16,0.21428571428571427,0.1964285714285714
820,17,0.21428571428571427,0.17857142857142855
820,18,0.1607142857142857,0.17857142857142855
820,19,0.17857142857142855,0.17857142857142855
830,2,0.21428571428571427,0.1607142857142857
830,3,0.1964285714285714,0.21428571428571427
830,4,0.125,0.1964285714285714
830,5,0.1607142857142857,0.17857142857142855
830,6,0.1964285714285714,0.14285714285714285
830,7,0.19642857142857142,0.25
830,8,0.19642857142857142,0.1964285714285714
830,9,0.21428571428571427,0.1607142857142857
830,10,0.1607142857142857,0.14285714285714285
830,11,0.19642857142857142,0.21428571428571427
830,12,0.14285714285714285,0.21428571428571427
830,13,0.1607142857142857,0.21428571428571427
830,14,0.12499999999999999,0.1964285714285714
830,15,0.10714285714285714,0.21428571428571425
830,16,0.10714285714285714,0.17857142857142855
830,17,0.125,0.1964285714285714
830,18,0.125,0.23214285714285712
830,19,0.125,0.21428571428571427
840,2,0.23214285714285715,0.1607142857142857
840,3,0.10714285714285714,0.1607142857142857
840,4,0.089285714285714274,0.14285714285714285
840,5,0.14285714285714285,0.17857142857142858
840,6,0.1964285714285714,0.19642857142857142
840,7,0.1607142857142857,0.21428571428571427
840,8,0.1964285714285714,0.1964285714285714
840,9,0.21428571428571427,0.25
840,10,0.17857142857142855,0.23214285714285715
840,11,0.1964285714285714,0.26785714285714285
840,12,0.17857142857142855,0.21428571428571427
840,13,0.1964285714285714,0.21428571428571427
840,14,0.1607142857142857,0.23214285714285715
840,15,0.17857142857142858,0.23214285714285715
840,16,0.1607142857142857,0.25
840,17,0.17857142857142855,0.23214285714285712
840,18,0.1607142857142857,0.25
840,19,0.14285714285714285,0.25
850,2,0.1964285714285714,0.1964285714285714
850,3,0.1964285714285714,0.071428571428571425
850,4,0.23214285714285712,0.17857142857142855
850,5,0.25,0.1607142857142857
850,6,0.17857142857142855,0.17857142857142855
850,7,0.23214285714285715,0.25
850,8,0.26785714285714285,0.25
850,9,0.26785714285714285,0.26785714285714285
850,10,0.25,0.24999999999999997
850,11,0.25,0.26785714285714285
850,12,0.21428571428571425,0.23214285714285712
850,13,0.24999999999999997,0.21428571428571425
850,14,0.24999999999999997,0.25
850,15,0.1964285714285714,0.25
850,16,0.23214285714285712,0.25
850,17,0.25,0.25
850,18,0.25,0.26785714285714285
850,19,0.23214285714285715,0.26785714285714285
860,2,0.23214285714285715,0.1964285714285714
860,3,0.17857142857142858,0.1607142857142857
860,4,0.17857142857142855,0.1607142857142857
860,5,0.17857142857142855,0.14285714285714285
860,6,0.23214285714285712,0.12499999999999999
860,7,0.2857142857142857,0.1964285714285714
860,8,0.24999999999999997,0.17857142857142855
860,9,0.26785714285714279,0.17857142857142855
860,10,0.23214285714285712,0.17857142857142858
860,11,0.21428571428571427,0.17857142857142858
860,12,0.1964285714285714,0.17857142857142855
860,13,0.21428571428571427,0.1607142857142857
860,14,0.25,0.1964285714285714
860,15,0.1964285714285714,0.1964285714285714
860,16,0.1964285714285714,0.23214285714285712
860,17,0.1964285714285714,0.1964285714285714
860,18,0.1607142857142857,0.23214285714285712
860,19,0.14285714285714285,0.25
870,2,0.21428571428571425,0.17857142857142855
870,3,0.1607142857142857,0.089285714285714274
870,4,0.26785714285714285,0.17857142857142855
870,5,0.2857142857142857,0.17857142857142855
870,6,0.26785714285714285,0.14285714285714285
870,7,0.26785714285714285,0.26785714285714285
870,8,0.2857142857142857,0.25
870,9,0.26785714285714285,0.23214285714285715
870,10,0.23214285714285712,0.21428571428571427
870,11,0.2857142857142857,0.23214285714285715
870,12,0.24999999999999997,0.23214285714285712
870,13,0.24999999999999997,0.23214285714285712
870,14,0.26785714285714285,0.26785714285714285
870,15,0.26785714285714285,0.2857142857142857
870,16,0.30357142857142855,0.24999999999999997
870,17,0.26785714285714285,0.23214285714285712
870,18,0.30357142857142849,0.25
870,19,0.30357142857142849,0.23214285714285712
880,2,0.1964285714285714,0.1607142857142857
880,3,0.1607142857142857,0.089285714285714274
880,4,0.2321428571428571,0.17857142857142855
880,5,0.26785714285714285,0.17857142857142855
880,6,0.26785714285714285,0.1607142857142857
880,7,0.26785714285714285,0.26785714285714279
880,8,0.2857142857142857,0.21428571428571425
880,9,0.23214285714285712,0.23214285714285715
880,10,0.25,0.23214285714285712
880,11,0.26785714285714285,0.25
880,12,0.23214285714285712,0.23214285714285715
880,13,0.21428571428571425,0.21428571428571427
880,14,0.26785714285714285,0.25
880,15,0.26785714285714285,0.30357142857142855
880,16,0.30357142857142855,0.2857142857142857
880,17,0.2857142857142857,0.23214285714285712
880,18,0.2857142857142857,0.25
880,19,0.26785714285714279,0.26785714285714285
890,2,0.23214285714285715,0.17857142857142855
890,3,0.17857142857142855,0.12499999999999999
890,4,0.10714285714285714,0.12499999999999999
890,5,0.14285714285714285,0.10714285714285714
890,6,0.1964285714285714,0.14285714285714285
890,7,0.1964285714285714,0.23214285714285712
890,8,0.17857142857142858,0.17857142857142858
890,9,0.19642857142857142,0.17857142857142855
890,10,0.23214285714285712,0.17857142857142858
890,11,0.19642857142857142,0.19642857142857142
890,12,0.1964285714285714,0.1964285714285714
890,13,0.19642857142857142,0.19642857142857142
890,14,0.21428571428571427,0.17857142857142855
890,15,0.19642857142857142,0.21428571428571427
890,16,0.21428571428571427,0.21428571428571427
890,17,0.14285714285714285,0.1964285714285714
890,18,0.1607142857142857,0.19642857142857142
890,19,0.14285714285714285,0.19642857142857142
900,2,0.23214285714285715,0.17857142857142855
900,3,0.1607142857142857,0.125
900,4,0.19642857142857142,0.10714285714285714
900,5,0.17857142857142858,0.089285714285714274
900,6,0.12499999999999999,0.125
900,7,0.10714285714285714,0.19642857142857142
900,8,0.12499999999999999,0.19642857142857142
900,9,0.125,0.1964285714285714
900,10,0.21428571428571427,0.19642857142857142
900,11,0.1964285714285714,0.19642857142857142
900,12,0.17857142857142858,0.19642857142857142
900,13,0.1607142857142857,0.19642857142857142
900,14,0.26785714285714285,0.1964285714285714
900,15,0.1964285714285714,0.17857142857142855
900,16,0.1964285714285714,0.17857142857142855
900,17,0.1964285714285714,0.21428571428571425
900,18,0.17857142857142855,0.25
900,19,0.1607142857142857,0.26785714285714285
910,2,0.19642857142857142,0.1607142857142857
910,3,0.17857142857142855,0.125
910,4,0.17857142857142858,0.125
910,5,0.1607142857142857,0.10714285714285714
910,6,0.10714285714285714,0.125
910,7,0.12499999999999999,0.19642857142857142
910,8,0.1607142857142857,0.1964285714285714
910,9,0.125,0.1964285714285714
910,10,0.21428571428571427,0.1607142857142857
910,11,0.1607142857142857,0.1607142857142857
910,12,0.17857142857142858,0.17857142857142855
910,13,0.17857142857142858,0.1607142857142857
910,14,0.19642857142857142,0.1607142857142857
910,15,0.17857142857142855,0.1964285714285714
910,16,0.19642857142857142,0.23214285714285712
910,17,0.19642857142857142,0.24999999999999997
910,18,0.23214285714285712,0.21428571428571425
910,19,0.1964285714285714,0.23214285714285712
920,2,0.19642857142857142,0.1607142857142857
920,3,0.14285714285714285,0.125
920,4,0.17857142857142855,0.1607142857142857
920,5,0.1607142857142857,0.14285714285714285
920,6,0.089285714285714274,0.12499999999999999
920,7,0.1964285714285714,0.1964285714285714
920,8,0.19642857142857142,0.17857142857142855
920,9,0.19642857142857142,0.1964285714285714
920,10,0.17857142857142855,0.1964285714285714
920,11,0.21428571428571425,0.17857142857142855
920,12,0.21428571428571427,0.17857142857142855
920,13,0.21428571428571427,0.1607142857142857
920,14,0.23214285714285715,0.17857142857142855
920,15,0.17857142857142855,0.14285714285714285
920,16,0.21428571428571427,0.14285714285714285
920,17,0.21428571428571427,0.10714285714285714
920,18,0.17857142857142855,0.125
920,19,0.17857142857142855,0.125
930,2,0.23214285714285712,0.14285714285714285
930,3,0.17857142857142858,0.1607142857142857
930,4,0.17857142857142858,0.14285714285714285
930,5,0.23214285714285712,0.125
930,6,0.23214285714285712,0.125
930,7,0.17857142857142855,0.1964285714285714
930,8,0.21428571428571427,0.17857142857142855
930,9,0.17857142857142855,0.17857142857142855
930,10,0.23214285714285715,0.14285714285714285
930,11,0.17857142857142858,0.1607142857142857
930,12,0.21428571428571427,0.12499999999999999
930,13,0.17857142857142858,0.17857142857142855
930,14,0.21428571428571427,0.17857142857142855
930,15,0.23214285714285712,0.1964285714285714
930,16,0.26785714285714285,0.25
930,17,0.23214285714285712,0.24999999999999997
930,18,0.26785714285714285,0.24999999999999997
930,19,0.30357142857142855,0.23214285714285712
940,2,0.19642857142857142,0.1607142857142857
940,3,0.24999999999999997,0.19642857142857142
940,4,0.19642857142857142,0.2142857142857143
940,5,0.25,0.17857142857142855
940,6,0.1964285714285714,0.17857142857142858
940,7,0.1607142857142857,0.17857142857142858
940,8,0.19642857142857142,0.19642857142857142
940,9,0.17857142857142855,0.19642857142857142
940,10,0.14285714285714285,0.17857142857142858
940,11,0.14285714285714285,0.17857142857142858
940,12,0.1607142857142857,0.17857142857142855
940,13,0.1964285714285714,0.17857142857142855
940,14,0.21428571428571427,0.17857142857142855
940,15,0.17857142857142855,0.21428571428571427
940,16,0.17857142857142855,0.21428571428571427
940,17,0.1607142857142857,0.21428571428571425
940,18,0.25,0.21428571428571427
940,19,0.19642857142857142,0.23214285714285712
950,2,0.19642857142857142,0.14285714285714285
950,3,0.17857142857142855,0.1607142857142857
950,4,0.14285714285714285,0.14285714285714285
950,5,0.17857142857142855,0.14285714285714285
950,6,0.10714285714285714,0.21428571428571427
950,7,0.071428571428571425,0.21428571428571427
950,8,0.14285714285714285,0.1607142857142857
950,9,0.1607142857142857,0.17857142857142858
950,10,0.19642857142857142,0.1964285714285714
950,11,0.19642857142857142,0.23214285714285712
950,12,0.17857142857142855,0.17857142857142855
950,13,0.14285714285714285,0.17857142857142855
950,14,0.14285714285714285,0.1607142857142857
950,15,0.1607142857142857,0.1964285714285714
950,16,0.14285714285714285,0.17857142857142855
950,17,0.1607142857142857,0.21428571428571425
950,18,0.1607142857142857,0.25
950,19,0.1607142857142857,0.26785714285714285
960,2,0.17857142857142858,0.1607142857142857
960,3,0.1964285714285714,0.1607142857142857
960,4,0.17857142857142855,0.1964285714285714
960,5,0.19642857142857142,0.1964285714285714
960,6,0.10714285714285712,0.21428571428571427
960,7,0.089285714285714274,0.17857142857142855
960,8,0.12499999999999999,0.14285714285714285
960,9,0.125,0.14285714285714285
960,10,0.14285714285714285,0.14285714285714285
960,11,0.14285714285714285,0.1607142857142857
960,12,0.17857142857142858,0.17857142857142855
960,13,0.1607142857142857,0.14285714285714285
960,14,0.17857142857142855,0.17857142857142855
960,15,0.14285714285714285,0.1964285714285714
960,16,0.12499999999999999,0.1964285714285714
960,17,0.089285714285714274,0.21428571428571427
960,18,0.089285714285714274,0.17857142857142855
960,19,0.125,0.1964285714285714
970,2,0.17857142857142858,0.1607142857142857
970,3,0.21428571428571427,0.1607142857142857
970,4,0.17857142857142855,0.1964285714285714
970,5,0.19642857142857142,0.1964285714285714
970,6,0.12499999999999999,0.25
970,7,0.125,0.21428571428571427
970,8,0.17857142857142855,0.1964285714285714
970,9,0.21428571428571427,0.1964285714285714
970,10,0.1607142857142857,0.1964285714285714
970,11,0.1964285714285714,0.25
970,12,0.17857142857142855,0.23214285714285712
970,13,0.14285714285714285,0.23214285714285712
970,14,0.14285714285714285,0.1964285714285714
970,15,0.14285714285714285,0.23214285714285715
970,16,0.1607142857142857,0.25
970,17,0.14285714285714285,0.25
970,18,0.125,0.23214285714285712
970,19,0.1607142857142857,0.25
980,2,0.17857142857142858,0.1607142857142857
980,3,0.17857142857142855,0.125
980,4,0.25,0.17857142857142855
980,5,0.24999999999999997,0.21428571428571425
980,6,0.125,0.23214285714285715
980,7,0.089285714285714274,0.17857142857142858
980,8,0.10714285714285712,0.1607142857142857
980,9,0.125,0.17857142857142855
980,10,0.12499999999999999,0.17857142857142855
980,11,0.14285714285714285,0.1964285714285714
980,12,0.17857142857142855,0.17857142857142855
980,13,0.19642857142857142,0.17857142857142855
980,14,0.1964285714285714,0.21428571428571427
980,15,0.17857142857142855,0.23214285714285712
980,16,0.19642857142857142,0.23214285714285712
980,17,0.19642857142857142,0.25
980,18,0.23214285714285712,0.23214285714285712
980,19,0.21428571428571427,0.25
990,2,0.19642857142857142,0.1607142857142857
990,3,0.14285714285714285,0.14285714285714285
990,4,0.21428571428571427,0.17857142857142855
990,5,0.26785714285714285,0.21428571428571427
990,6,0.25,0.25
990,7,0.26785714285714285,0.25
990,8,0.25,0.21428571428571427
990,9,0.25,0.24999999999999997
990,10,0.23214285714285715,0.23214285714285712
990,11,0.25,0.25
990,12,0.19642857142857142,0.25
990,13,0.1964285714285714,0.26785714285714285
990,14,0.26785714285714285,0.23214285714285712
990,15,0.21428571428571427,0.23214285714285712
990,16,0.23214285714285712,0.26785714285714285
990,17,0.19642857142857142,0.25
990,18,0.21428571428571427,0.2857142857142857
990,19,0.17857142857142855,0.25
