2,30,0.125,0.17857142857142855,0.17857142857142855,0.17857142857142855,0.17857142857142855,0.17857142857142855,0.17857142857142855
2,35,0.089285714285714274,0.1607142857142857,0.1607142857142857,0.1607142857142857,0.1607142857142857,0.1607142857142857,0.1607142857142857
2,40,0.10714285714285714,0.12499999999999999,0.12499999999999999,0.12499999999999999,0.12499999999999999,0.12499999999999999,0.12499999999999999
2,45,0.071428571428571425,0.14285714285714285,0.14285714285714285,0.14285714285714285,0.14285714285714285,0.14285714285714285,0.14285714285714285
2,50,0.23214285714285715,0.1607142857142857,0.1607142857142857,0.1607142857142857,0.1607142857142857,0.1607142857142857,0.1607142857142857
2,55,0.25,0.17857142857142855,0.17857142857142855,0.17857142857142855,0.17857142857142855,0.17857142857142855,0.17857142857142855
2,60,0.30357142857142855,0.21428571428571427,0.21428571428571427,0.21428571428571427,0.21428571428571427,0.21428571428571427,0.21428571428571427
2,65,0.30357142857142855,0.26785714285714279,0.26785714285714279,0.26785714285714279,0.26785714285714279,0.26785714285714279,0.26785714285714279
2,70,0.26785714285714285,0.26785714285714279,0.26785714285714279,0.26785714285714279,0.26785714285714279,0.26785714285714279,0.26785714285714279
2,75,0.21428571428571427,0.24999999999999997,0.24999999999999997,0.24999999999999997,0.24999999999999997,0.24999999999999997,0.24999999999999997
2,80,0.1607142857142857,0.21428571428571427,0.21428571428571427,0.21428571428571427,0.21428571428571427,0.21428571428571427,0.21428571428571427
3,30,0.1607142857142857,0.21428571428571427,0.21428571428571427,0.21428571428571427,0.21428571428571427,0.21428571428571427,0.21428571428571427
3,35,0.1964285714285714,0.1964285714285714,0.1964285714285714,0.1964285714285714,0.1964285714285714,0.1964285714285714,0.1964285714285714
3,40,0.23214285714285715,0.17857142857142855,0.17857142857142855,0.17857142857142855,0.17857142857142855,0.17857142857142855,0.17857142857142855
3,45,0.1607142857142857,0.1964285714285714,0.1964285714285714,0.1964285714285714,0.1964285714285714,0.1964285714285714,0.1964285714285714
3,50,0.21428571428571425,0.21428571428571427,0.21428571428571427,0.21428571428571427,0.21428571428571427,0.21428571428571427,0.21428571428571427
3,55,0.24999999999999997,0.21428571428571427,0.21428571428571427,0.21428571428571427,0.21428571428571427,0.21428571428571427,0.21428571428571427
3,60,0.26785714285714285,0.2857142857142857,0.2857142857142857,0.2857142857142857,0.2857142857142857,0.2857142857142857,0.2857142857142857
3,65,0.3214285714285714,0.2857142857142857,0.2857142857142857,0.2857142857142857,0.2857142857142857,0.2857142857142857,0.2857142857142857
3,70,0.3214285714285714,0.30357142857142855,0.30357142857142855,0.30357142857142855,0.30357142857142855,0.30357142857142855,0.30357142857142855
3,75,0.26785714285714285,0.26785714285714285,0.26785714285714285,0.26785714285714285,0.26785714285714285,0.26785714285714285,0.26785714285714285
3,80,0.1964285714285714,0.25,0.25,0.25,0.25,0.25,0.25
4,30,0.1964285714285714,0.23214285714285715,0.23214285714285715,0.23214285714285715,0.23214285714285715,0.23214285714285715,0.23214285714285715
4,35,0.21428571428571427,0.23214285714285715,0.23214285714285715,0.23214285714285715,0.23214285714285715,0.23214285714285715,0.23214285714285715
4,40,0.1607142857142857,0.21428571428571427,0.21428571428571427,0.21428571428571427,0.21428571428571427,0.21428571428571427,0.21428571428571427
4,45,0.1964285714285714,0.21428571428571427,0.21428571428571427,0.21428571428571427,0.21428571428571427,0.21428571428571427,0.21428571428571427
4,50,0.26785714285714285,0.23214285714285715,0.23214285714285715,0.23214285714285715,0.23214285714285715,0.23214285714285715,0.23214285714285715
4,55,0.25,0.25,0.25,0.25,0.25,0.25,0.25
4,60,0.24999999999999997,0.26785714285714285,0.26785714285714285,0.26785714285714285,0.26785714285714285,0.26785714285714285,0.26785714285714285
4,65,0.26785714285714285,0.30357142857142855,0.30357142857142855,0.30357142857142855,0.30357142857142855,0.30357142857142855,0.30357142857142855
4,70,0.26785714285714285,0.3214285714285714,0.3214285714285714,0.3214285714285714,0.3214285714285714,0.3214285714285714,0.3214285714285714
4,75,0.17857142857142855,0.2857142857142857,0.2857142857142857,0.2857142857142857,0.2857142857142857,0.2857142857142857,0.2857142857142857
4,80,0.21428571428571425,0.26785714285714285,0.26785714285714285,0.26785714285714285,0.26785714285714285,0.26785714285714285,0.26785714285714285
5,30,0.10714285714285714,0.26785714285714285,0.26785714285714285,0.26785714285714285,0.26785714285714285,0.26785714285714285,0.26785714285714285
5,35,0.1607142857142857,0.26785714285714285,0.26785714285714285,0.26785714285714285,0.26785714285714285,0.26785714285714285,0.26785714285714285
5,40,0.1607142857142857,0.26785714285714285,0.26785714285714285,0.26785714285714285,0.26785714285714285,0.26785714285714285,0.26785714285714285
5,45,0.14285714285714285,0.26785714285714285,0.26785714285714285,0.26785714285714285,0.26785714285714285,0.26785714285714285,0.26785714285714285
5,50,0.21428571428571425,0.2857142857142857,0.2857142857142857,0.2857142857142857,0.2857142857142857,0.2857142857142857,0.2857142857142857
5,55,0.21428571428571425,0.30357142857142855,0.30357142857142855,0.30357142857142855,0.30357142857142855,0.30357142857142855,0.30357142857142855
5,60,0.1964285714285714,0.2857142857142857,0.2857142857142857,0.2857142857142857,0.2857142857142857,0.2857142857142857,0.2857142857142857
5,65,0.23214285714285715,0.2857142857142857,0.2857142857142857,0.2857142857142857,0.2857142857142857,0.2857142857142857,0.2857142857142857
5,70,0.17857142857142855,0.2857142857142857,0.2857142857142857,0.2857142857142857,0.2857142857142857,0.2857142857142857,0.2857142857142857
5,75,0.19642857142857142,0.26785714285714285,0.26785714285714285,0.26785714285714285,0.26785714285714285,0.26785714285714285,0.26785714285714285
5,80,0.19642857142857142,0.24999999999999997,0.24999999999999997,0.24999999999999997,0.24999999999999997,0.24999999999999997,0.24999999999999997
6,30,0.125,0.30357142857142855,0.30357142857142855,0.30357142857142855,0.30357142857142855,0.30357142857142855,0.30357142857142855
6,35,0.14285714285714285,0.2857142857142857,0.2857142857142857,0.2857142857142857,0.2857142857142857,0.2857142857142857,0.2857142857142857
6,40,0.1607142857142857,0.2857142857142857,0.2857142857142857,0.2857142857142857,0.2857142857142857,0.2857142857142857,0.2857142857142857
6,45,0.125,0.2857142857142857,0.2857142857142857,0.2857142857142857,0.2857142857142857,0.2857142857142857,0.2857142857142857
6,50,0.1964285714285714,0.2857142857142857,0.2857142857142857,0.2857142857142857,0.2857142857142857,0.2857142857142857,0.2857142857142857
6,55,0.17857142857142855,0.2857142857142857,0.2857142857142857,0.2857142857142857,0.2857142857142857,0.2857142857142857,0.2857142857142857
6,60,0.23214285714285715,0.2857142857142857,0.2857142857142857,0.2857142857142857,0.2857142857142857,0.2857142857142857,0.2857142857142857
6,65,0.23214285714285715,0.2857142857142857,0.2857142857142857,0.2857142857142857,0.2857142857142857,0.2857142857142857,0.2857142857142857
6,70,0.23214285714285715,0.2857142857142857,0.2857142857142857,0.2857142857142857,0.2857142857142857,0.2857142857142857,0.2857142857142857
6,75,0.21428571428571427,0.26785714285714285,0.26785714285714285,0.26785714285714285,0.26785714285714285,0.26785714285714285,0.26785714285714285
6,80,0.1964285714285714,0.24999999999999997,0.24999999999999997,0.24999999999999997,0.24999999999999997,0.24999999999999997,0.24999999999999997
7,30,0.17857142857142855,0.30357142857142855,0.30357142857142855,0.30357142857142855,0.30357142857142855,0.30357142857142855,0.30357142857142855
7,35,0.17857142857142855,0.2857142857142857,0.2857142857142857,0.2857142857142857,0.2857142857142857,0.2857142857142857,0.2857142857142857
7,40,0.125,0.2857142857142857,0.2857142857142857,0.2857142857142857,0.2857142857142857,0.2857142857142857,0.2857142857142857
7,45,0.14285714285714285,0.2857142857142857,0.2857142857142857,0.2857142857142857,0.2857142857142857,0.2857142857142857,0.2857142857142857
7,50,0.1607142857142857,0.2857142857142857,0.2857142857142857,0.2857142857142857,0.2857142857142857,0.2857142857142857,0.2857142857142857
7,55,0.125,0.30357142857142855,0.30357142857142855,0.30357142857142855,0.30357142857142855,0.30357142857142855,0.30357142857142855
7,60,0.23214285714285715,0.30357142857142855,0.30357142857142855,0.30357142857142855,0.30357142857142855,0.30357142857142855,0.30357142857142855
7,65,0.23214285714285712,0.30357142857142855,0.30357142857142855,0.30357142857142855,0.30357142857142855,0.30357142857142855,0.30357142857142855
7,70,0.26785714285714285,0.3214285714285714,0.3214285714285714,0.3214285714285714,0.3214285714285714,0.3214285714285714,0.3214285714285714
7,75,0.23214285714285715,0.2857142857142857,0.2857142857142857,0.2857142857142857,0.2857142857142857,0.2857142857142857,0.2857142857142857
7,80,0.23214285714285715,0.24999999999999997,0.24999999999999997,0.24999999999999997,0.24999999999999997,0.24999999999999997,0.24999999999999997
8,30,0.17857142857142858,0.2857142857142857,0.2857142857142857,0.2857142857142857,0.2857142857142857,0.2857142857142857,0.2857142857142857
8,35,0.23214285714285715,0.26785714285714285,0.26785714285714285,0.26785714285714285,0.26785714285714285,0.26785714285714285,0.26785714285714285
8,40,0.21428571428571427,0.26785714285714285,0.26785714285714285,0.26785714285714285,0.26785714285714285,0.26785714285714285,0.26785714285714285
8,45,0.1607142857142857,0.26785714285714285,0.26785714285714285,0.26785714285714285,0.26785714285714285,0.26785714285714285,0.26785714285714285
8,50,0.1607142857142857,0.26785714285714285,0.26785714285714285,0.26785714285714285,0.26785714285714285,0.26785714285714285,0.26785714285714285
8,55,0.17857142857142855,0.26785714285714285,0.26785714285714285,0.26785714285714285,0.26785714285714285,0.26785714285714285,0.26785714285714285
8,60,0.23214285714285715,0.26785714285714285,0.26785714285714285,0.26785714285714285,0.26785714285714285,0.26785714285714285,0.26785714285714285
8,65,0.21428571428571427,0.2857142857142857,0.2857142857142857,0.2857142857142857,0.2857142857142857,0.2857142857142857,0.2857142857142857
8,70,0.23214285714285712,0.30357142857142855,0.30357142857142855,0.30357142857142855,0.30357142857142855,0.30357142857142855,0.30357142857142855
8,75,0.21428571428571427,0.26785714285714285,0.26785714285714285,0.26785714285714285,0.26785714285714285,0.26785714285714285,0.26785714285714285
8,80,0.1964285714285714,0.26785714285714285,0.26785714285714285,0.26785714285714285,0.26785714285714285,0.26785714285714285,0.26785714285714285
9,30,0.125,0.26785714285714285,0.26785714285714285,0.26785714285714285,0.26785714285714285,0.26785714285714285,0.26785714285714285
9,35,0.1964285714285714,0.25,0.25,0.25,0.25,0.25,0.25
9,40,0.17857142857142855,0.25,0.25,0.25,0.25,0.25,0.25
9,45,0.1607142857142857,0.25,0.25,0.25,0.25,0.25,0.25
9,50,0.21428571428571427,0.25,0.25,0.25,0.25,0.25,0.25
9,55,0.17857142857142855,0.25,0.25,0.25,0.25,0.25,0.25
9,60,0.21428571428571427,0.25,0.25,0.25,0.25,0.25,0.25
9,65,0.21428571428571427,0.24999999999999997,0.24999999999999997,0.24999999999999997,0.24999999999999997,0.24999999999999997,0.24999999999999997
9,70,0.25,0.26785714285714285,0.26785714285714285,0.26785714285714285,0.26785714285714285,0.26785714285714285,0.26785714285714285
9,75,0.21428571428571427,0.23214285714285712,0.23214285714285712,0.23214285714285712,0.23214285714285712,0.23214285714285712,0.23214285714285712
9,80,0.23214285714285715,0.23214285714285712,0.23214285714285712,0.23214285714285712,0.23214285714285712,0.23214285714285712,0.23214285714285712
10,30,0.16071428571428573,0.26785714285714279,0.26785714285714279,0.26785714285714279,0.26785714285714279,0.26785714285714279,0.26785714285714279
10,35,0.1607142857142857,0.24999999999999997,0.24999999999999997,0.24999999999999997,0.24999999999999997,0.24999999999999997,0.24999999999999997
10,40,0.14285714285714285,0.21428571428571427,0.21428571428571427,0.21428571428571427,0.21428571428571427,0.21428571428571427,0.21428571428571427
10,45,0.14285714285714285,0.21428571428571427,0.21428571428571427,0.21428571428571427,0.21428571428571427,0.21428571428571427,0.21428571428571427
10,50,0.14285714285714285,0.21428571428571427,0.21428571428571427,0.21428571428571427,0.21428571428571427,0.21428571428571427,0.21428571428571427
10,55,0.14285714285714285,0.21428571428571425,0.21428571428571425,0.21428571428571425,0.21428571428571425,0.21428571428571425,0.21428571428571425
10,60,0.19642857142857142,0.23214285714285712,0.23214285714285712,0.23214285714285712,0.23214285714285712,0.23214285714285712,0.23214285714285712
10,65,0.21428571428571425,0.25,0.25,0.25,0.25,0.25,0.25
10,70,0.2857142857142857,0.2857142857142857,0.2857142857142857,0.2857142857142857,0.2857142857142857,0.2857142857142857,0.2857142857142857
10,75,0.25,0.26785714285714279,0.26785714285714279,0.26785714285714279,0.26785714285714279,0.26785714285714279,0.26785714285714279
10,80,0.21428571428571427,0.25,0.25,0.25,0.25,0.25,0.25
11,30,0.125,0.2857142857142857,0.2857142857142857,0.2857142857142857,0.2857142857142857,0.2857142857142857,0.2857142857142857
11,35,0.17857142857142855,0.26785714285714279,0.26785714285714279,0.26785714285714279,0.26785714285714279,0.26785714285714279,0.26785714285714279
11,40,0.14285714285714285,0.23214285714285712,0.23214285714285712,0.23214285714285712,0.23214285714285712,0.23214285714285712,0.23214285714285712
11,45,0.1607142857142857,0.23214285714285712,0.23214285714285712,0.23214285714285712,0.23214285714285712,0.23214285714285712,0.23214285714285712
11,50,0.1964285714285714,0.23214285714285712,0.23214285714285712,0.23214285714285712,0.23214285714285712,0.23214285714285712,0.23214285714285712
11,55,0.1964285714285714,0.23214285714285712,0.23214285714285712,0.23214285714285712,0.23214285714285712,0.23214285714285712,0.23214285714285712
11,60,0.1964285714285714,0.26785714285714285,0.26785714285714285,0.26785714285714285,0.26785714285714285,0.26785714285714285,0.26785714285714285
11,65,0.1964285714285714,0.26785714285714285,0.26785714285714285,0.26785714285714285,0.26785714285714285,0.26785714285714285,0.26785714285714285
11,70,0.21428571428571427,0.2857142857142857,0.2857142857142857,0.2857142857142857,0.2857142857142857,0.2857142857142857,0.2857142857142857
11,75,0.25,0.25,0.25,0.25,0.25,0.25,0.25
11,80,0.1964285714285714,0.2857142857142857,0.2857142857142857,0.2857142857142857,0.2857142857142857,0.2857142857142857,0.2857142857142857
12,30,0.10714285714285714,0.23214285714285712,0.23214285714285712,0.23214285714285712,0.23214285714285712,0.23214285714285712,0.23214285714285712
12,35,0.21428571428571427,0.23214285714285712,0.23214285714285712,0.23214285714285712,0.23214285714285712,0.23214285714285712,0.23214285714285712
12,40,0.17857142857142855,0.19642857142857142,0.19642857142857142,0.19642857142857142,0.19642857142857142,0.19642857142857142,0.19642857142857142
12,45,0.21428571428571425,0.19642857142857142,0.19642857142857142,0.19642857142857142,0.19642857142857142,0.19642857142857142,0.19642857142857142
12,50,0.17857142857142855,0.19642857142857142,0.19642857142857142,0.19642857142857142,0.19642857142857142,0.19642857142857142,0.19642857142857142
12,55,0.19642857142857142,0.17857142857142858,0.17857142857142858,0.17857142857142858,0.17857142857142858,0.17857142857142858,0.17857142857142858
12,60,0.1964285714285714,0.23214285714285712,0.23214285714285712,0.23214285714285712,0.23214285714285712,0.23214285714285712,0.23214285714285712
12,65,0.1964285714285714,0.23214285714285715,0.23214285714285715,0.23214285714285715,0.23214285714285715,0.23214285714285715,0.23214285714285715
12,70,0.23214285714285715,0.25,0.25,0.25,0.25,0.25,0.25
12,75,0.26785714285714285,0.23214285714285712,0.23214285714285712,0.23214285714285712,0.23214285714285712,0.23214285714285712,0.23214285714285712
12,80,0.21428571428571427,0.26785714285714285,0.26785714285714285,0.26785714285714285,0.26785714285714285,0.26785714285714285,0.26785714285714285
13,30,0.12499999999999999,0.23214285714285712,0.23214285714285712,0.23214285714285712,0.23214285714285712,0.23214285714285712,0.23214285714285712
13,35,0.1607142857142857,0.23214285714285712,0.23214285714285712,0.23214285714285712,0.23214285714285712,0.23214285714285712,0.23214285714285712
13,40,0.14285714285714285,0.21428571428571427,0.21428571428571427,0.21428571428571427,0.21428571428571427,0.21428571428571427,0.21428571428571427
13,45,0.1964285714285714,0.23214285714285712,0.23214285714285712,0.23214285714285712,0.23214285714285712,0.23214285714285712,0.23214285714285712
13,50,0.14285714285714285,0.23214285714285712,0.23214285714285712,0.23214285714285712,0.23214285714285712,0.23214285714285712,0.23214285714285712
13,55,0.1964285714285714,0.23214285714285712,0.23214285714285712,0.23214285714285712,0.23214285714285712,0.23214285714285712,0.23214285714285712
13,60,0.1964285714285714,0.26785714285714285,0.26785714285714285,0.26785714285714285,0.26785714285714285,0.26785714285714285,0.26785714285714285
13,65,0.24999999999999997,0.23214285714285715,0.23214285714285715,0.23214285714285715,0.23214285714285715,0.23214285714285715,0.23214285714285715
13,70,0.2857142857142857,0.23214285714285715,0.23214285714285715,0.23214285714285715,0.23214285714285715,0.23214285714285715,0.23214285714285715
13,75,0.26785714285714279,0.24999999999999997,0.24999999999999997,0.24999999999999997,0.24999999999999997,0.24999999999999997,0.24999999999999997
13,80,0.17857142857142855,0.23214285714285712,0.23214285714285712,0.23214285714285712,0.23214285714285712,0.23214285714285712,0.23214285714285712
14,30,0.17857142857142855,0.17857142857142855,0.17857142857142855,0.17857142857142855,0.17857142857142855,0.17857142857142855,0.17857142857142855
14,35,0.17857142857142855,0.19642857142857142,0.19642857142857142,0.19642857142857142,0.19642857142857142,0.19642857142857142,0.19642857142857142
14,40,0.1607142857142857,0.21428571428571427,0.21428571428571427,0.21428571428571427,0.21428571428571427,0.21428571428571427,0.21428571428571427
14,45,0.1964285714285714,0.23214285714285712,0.23214285714285712,0.23214285714285712,0.23214285714285712,0.23214285714285712,0.23214285714285712
14,50,0.1964285714285714,0.23214285714285712,0.23214285714285712,0.23214285714285712,0.23214285714285712,0.23214285714285712,0.23214285714285712
14,55,0.17857142857142855,0.21428571428571427,0.21428571428571427,0.21428571428571427,0.21428571428571427,0.21428571428571427,0.21428571428571427
14,60,0.21428571428571427,0.23214285714285712,0.23214285714285712,0.23214285714285712,0.23214285714285712,0.23214285714285712,0.23214285714285712
14,65,0.23214285714285712,0.21428571428571427,0.21428571428571427,0.21428571428571427,0.21428571428571427,0.21428571428571427,0.21428571428571427
14,70,0.30357142857142855,0.23214285714285715,0.23214285714285715,0.23214285714285715,0.23214285714285715,0.23214285714285715,0.23214285714285715
14,75,0.26785714285714285,0.17857142857142855,0.17857142857142855,0.17857142857142855,0.17857142857142855,0.17857142857142855,0.17857142857142855
14,80,0.1964285714285714,0.21428571428571427,0.21428571428571427,0.21428571428571427,0.21428571428571427,0.21428571428571427,0.21428571428571427
15,30,0.1607142857142857,0.1964285714285714,0.1964285714285714,0.1964285714285714,0.1964285714285714,0.1964285714285714,0.1964285714285714
15,35,0.17857142857142855,0.21428571428571427,0.21428571428571427,0.21428571428571427,0.21428571428571427,0.21428571428571427,0.21428571428571427
15,40,0.1964285714285714,0.21428571428571427,0.21428571428571427,0.21428571428571427,0.21428571428571427,0.21428571428571427,0.21428571428571427
15,45,0.1964285714285714,0.25,0.25,0.25,0.25,0.25,0.25
15,50,0.1964285714285714,0.23214285714285715,0.23214285714285715,0.23214285714285715,0.23214285714285715,0.23214285714285715,0.23214285714285715
15,55,0.1607142857142857,0.21428571428571427,0.21428571428571427,0.21428571428571427,0.21428571428571427,0.21428571428571427,0.21428571428571427
15,60,0.1964285714285714,0.25,0.25,0.25,0.25,0.25,0.25
15,65,0.2857142857142857,0.23214285714285715,0.23214285714285715,0.23214285714285715,0.23214285714285715,0.23214285714285715,0.23214285714285715
15,70,0.3214285714285714,0.25,0.25,0.25,0.25,0.25,0.25
15,75,0.3214285714285714,0.21428571428571427,0.21428571428571427,0.21428571428571427,0.21428571428571427,0.21428571428571427,0.21428571428571427
15,80,0.24999999999999997,0.23214285714285712,0.23214285714285712,0.23214285714285712,0.23214285714285712,0.23214285714285712,0.23214285714285712
16,30,0.125,0.21428571428571427,0.21428571428571427,0.21428571428571427,0.21428571428571427,0.21428571428571427,0.21428571428571427
16,35,0.14285714285714285,0.21428571428571427,0.21428571428571427,0.21428571428571427,0.21428571428571427,0.21428571428571427,0.21428571428571427
16,40,0.1964285714285714,0.21428571428571427,0.21428571428571427,0.21428571428571427,0.21428571428571427,0.21428571428571427,0.21428571428571427
16,45,0.21428571428571427,0.23214285714285712,0.23214285714285712,0.23214285714285712,0.23214285714285712,0.23214285714285712,0.23214285714285712
16,50,0.1607142857142857,0.24999999999999997,0.24999999999999997,0.24999999999999997,0.24999999999999997,0.24999999999999997,0.24999999999999997
16,55,0.17857142857142855,0.23214285714285712,0.23214285714285712,0.23214285714285712,0.23214285714285712,0.23214285714285712,0.23214285714285712
16,60,0.17857142857142855,0.2857142857142857,0.2857142857142857,0.2857142857142857,0.2857142857142857,0.2857142857142857,0.2857142857142857
16,65,0.2321428571428571,0.26785714285714285,0.26785714285714285,0.26785714285714285,0.26785714285714285,0.26785714285714285,0.26785714285714285
16,70,0.2857142857142857,0.26785714285714285,0.26785714285714285,0.26785714285714285,0.26785714285714285,0.26785714285714285,0.26785714285714285
16,75,0.2857142857142857,0.23214285714285715,0.23214285714285715,0.23214285714285715,0.23214285714285715,0.23214285714285715,0.23214285714285715
16,80,0.21428571428571425,0.21428571428571427,0.21428571428571427,0.21428571428571427,0.21428571428571427,0.21428571428571427,0.21428571428571427
17,30,0.14285714285714285,0.19642857142857142,0.19642857142857142,0.19642857142857142,0.19642857142857142,0.19642857142857142,0.19642857142857142
17,35,0.14285714285714285,0.19642857142857142,0.19642857142857142,0.19642857142857142,0.19642857142857142,0.19642857142857142,0.19642857142857142
17,40,0.14285714285714285,0.19642857142857142,0.19642857142857142,0.19642857142857142,0.19642857142857142,0.19642857142857142,0.19642857142857142
17,45,0.21428571428571427,0.23214285714285712,0.23214285714285712,0.23214285714285712,0.23214285714285712,0.23214285714285712,0.23214285714285712
17,50,0.17857142857142855,0.24999999999999997,0.24999999999999997,0.24999999999999997,0.24999999999999997,0.24999999999999997,0.24999999999999997
17,55,0.1964285714285714,0.25,0.25,0.25,0.25,0.25,0.25
17,60,0.17857142857142855,0.26785714285714285,0.26785714285714285,0.26785714285714285,0.26785714285714285,0.26785714285714285,0.26785714285714285
17,65,0.1964285714285714,0.26785714285714285,0.26785714285714285,0.26785714285714285,0.26785714285714285,0.26785714285714285,0.26785714285714285
17,70,0.2857142857142857,0.26785714285714285,0.26785714285714285,0.26785714285714285,0.26785714285714285,0.26785714285714285,0.26785714285714285
17,75,0.26785714285714285,0.25,0.25,0.25,0.25,0.25,0.25
17,80,0.17857142857142855,0.1964285714285714,0.1964285714285714,0.1964285714285714,0.1964285714285714,0.1964285714285714,0.1964285714285714
18,30,0.1607142857142857,0.17857142857142855,0.17857142857142855,0.17857142857142855,0.17857142857142855,0.17857142857142855,0.17857142857142855
18,35,0.14285714285714285,0.17857142857142855,0.17857142857142855,0.17857142857142855,0.17857142857142855,0.17857142857142855,0.17857142857142855
18,40,0.1964285714285714,0.17857142857142855,0.17857142857142855,0.17857142857142855,0.17857142857142855,0.17857142857142855,0.17857142857142855
18,45,0.19642857142857142,0.21428571428571427,0.21428571428571427,0.21428571428571427,0.21428571428571427,0.21428571428571427,0.21428571428571427
18,50,0.1607142857142857,0.21428571428571425,0.21428571428571425,0.21428571428571425,0.21428571428571425,0.21428571428571425,0.21428571428571425
18,55,0.1607142857142857,0.21428571428571427,0.21428571428571427,0.21428571428571427,0.21428571428571427,0.21428571428571427,0.21428571428571427
18,60,0.1964285714285714,0.23214285714285715,0.23214285714285715,0.23214285714285715,0.23214285714285715,0.23214285714285715,0.23214285714285715
18,65,0.26785714285714285,0.23214285714285715,0.23214285714285715,0.23214285714285715,0.23214285714285715,0.23214285714285715,0.23214285714285715
18,70,0.25,0.25,0.25,0.25,0.25,0.25,0.25
18,75,0.26785714285714285,0.23214285714285715,0.23214285714285715,0.23214285714285715,0.23214285714285715,0.23214285714285715,0.23214285714285715
18,80,0.1964285714285714,0.1964285714285714,0.1964285714285714,0.1964285714285714,0.1964285714285714,0.1964285714285714,0.1964285714285714
19,30,0.14285714285714285,0.1964285714285714,0.1964285714285714,0.1964285714285714,0.1964285714285714,0.1964285714285714,0.1964285714285714
19,35,0.10714285714285714,0.1964285714285714,0.1964285714285714,0.1964285714285714,0.1964285714285714,0.1964285714285714,0.1964285714285714
19,40,0.14285714285714285,0.1964285714285714,0.1964285714285714,0.1964285714285714,0.1964285714285714,0.1964285714285714,0.1964285714285714
19,45,0.12499999999999999,0.23214285714285715,0.23214285714285715,0.23214285714285715,0.23214285714285715,0.23214285714285715,0.23214285714285715
19,50,0.12499999999999999,0.23214285714285712,0.23214285714285712,0.23214285714285712,0.23214285714285712,0.23214285714285712,0.23214285714285712
19,55,0.14285714285714285,0.23214285714285715,0.23214285714285715,0.23214285714285715,0.23214285714285715,0.23214285714285715,0.23214285714285715
19,60,0.1964285714285714,0.26785714285714285,0.26785714285714285,0.26785714285714285,0.26785714285714285,0.26785714285714285,0.26785714285714285
19,65,0.21428571428571427,0.26785714285714285,0.26785714285714285,0.26785714285714285,0.26785714285714285,0.26785714285714285,0.26785714285714285
19,70,0.23214285714285712,0.26785714285714285,0.26785714285714285,0.26785714285714285,0.26785714285714285,0.26785714285714285,0.26785714285714285
19,75,0.24999999999999997,0.21428571428571427,0.21428571428571427,0.21428571428571427,0.21428571428571427,0.21428571428571427,0.21428571428571427
19,80,0.1607142857142857,0.1964285714285714,0.1964285714285714,0.1964285714285714,0.1964285714285714,0.1964285714285714,0.1964285714285714
20,30,0.14285714285714285,0.1607142857142857,0.1607142857142857,0.1607142857142857,0.1607142857142857,0.1607142857142857,0.1607142857142857
20,35,0.125,0.1607142857142857,0.1607142857142857,0.1607142857142857,0.1607142857142857,0.1607142857142857,0.1607142857142857
20,40,0.12499999999999999,0.1607142857142857,0.1607142857142857,0.1607142857142857,0.1607142857142857,0.1607142857142857,0.1607142857142857
20,45,0.1607142857142857,0.21428571428571427,0.21428571428571427,0.21428571428571427,0.21428571428571427,0.21428571428571427,0.21428571428571427
20,50,0.1607142857142857,0.21428571428571427,0.21428571428571427,0.21428571428571427,0.21428571428571427,0.21428571428571427,0.21428571428571427
20,55,0.1607142857142857,0.25,0.25,0.25,0.25,0.25,0.25
20,60,0.1964285714285714,0.26785714285714285,0.26785714285714285,0.26785714285714285,0.26785714285714285,0.26785714285714285,0.26785714285714285
20,65,0.17857142857142855,0.26785714285714285,0.26785714285714285,0.26785714285714285,0.26785714285714285,0.26785714285714285,0.26785714285714285
20,70,0.21428571428571427,0.26785714285714285,0.26785714285714285,0.26785714285714285,0.26785714285714285,0.26785714285714285,0.26785714285714285
20,75,0.30357142857142855,0.23214285714285715,0.23214285714285715,0.23214285714285715,0.23214285714285715,0.23214285714285715,0.23214285714285715
20,80,0.1607142857142857,0.23214285714285712,0.23214285714285712,0.23214285714285712,0.23214285714285712,0.23214285714285712,0.23214285714285712
21,30,0.10714285714285714,0.14285714285714285,0.14285714285714285,0.14285714285714285,0.14285714285714285,0.14285714285714285,0.14285714285714285
21,35,0.089285714285714274,0.14285714285714285,0.14285714285714285,0.14285714285714285,0.14285714285714285,0.14285714285714285,0.14285714285714285
21,40,0.089285714285714274,0.14285714285714285,0.14285714285714285,0.14285714285714285,0.14285714285714285,0.14285714285714285,0.14285714285714285
21,45,0.14285714285714285,0.17857142857142855,0.17857142857142855,0.17857142857142855,0.17857142857142855,0.17857142857142855,0.17857142857142855
21,50,0.125,0.17857142857142855,0.17857142857142855,0.17857142857142855,0.17857142857142855,0.17857142857142855,0.17857142857142855
21,55,0.1607142857142857,0.23214285714285715,0.23214285714285715,0.23214285714285715,0.23214285714285715,0.23214285714285715,0.23214285714285715
21,60,0.17857142857142855,0.25,0.25,0.25,0.25,0.25,0.25
21,65,0.17857142857142855,0.25,0.25,0.25,0.25,0.25,0.25
21,70,0.25,0.25,0.25,0.25,0.25,0.25,0.25
21,75,0.21428571428571427,0.21428571428571427,0.21428571428571427,0.21428571428571427,0.21428571428571427,0.21428571428571427,0.21428571428571427
21,80,0.17857142857142858,0.1964285714285714,0.1964285714285714,0.1964285714285714,0.1964285714285714,0.1964285714285714,0.1964285714285714
22,30,0.125,0.1964285714285714,0.1964285714285714,0.1964285714285714,0.1964285714285714,0.1964285714285714,0.1964285714285714
22,35,0.10714285714285714,0.1964285714285714,0.1964285714285714,0.1964285714285714,0.1964285714285714,0.1964285714285714,0.1964285714285714
22,40,0.125,0.1964285714285714,0.1964285714285714,0.1964285714285714,0.1964285714285714,0.1964285714285714,0.1964285714285714
22,45,0.10714285714285714,0.1964285714285714,0.1964285714285714,0.1964285714285714,0.1964285714285714,0.1964285714285714,0.1964285714285714
22,50,0.089285714285714274,0.1964285714285714,0.1964285714285714,0.1964285714285714,0.1964285714285714,0.1964285714285714,0.1964285714285714
22,55,0.14285714285714285,0.23214285714285712,0.23214285714285712,0.23214285714285712,0.23214285714285712,0.23214285714285712,0.23214285714285712
22,60,0.1607142857142857,0.23214285714285712,0.23214285714285712,0.23214285714285712,0.23214285714285712,0.23214285714285712,0.23214285714285712
22,65,0.1964285714285714,0.23214285714285712,0.23214285714285712,0.23214285714285712,0.23214285714285712,0.23214285714285712,0.23214285714285712
22,70,0.25,0.26785714285714285,0.26785714285714285,0.26785714285714285,0.26785714285714285,0.26785714285714285,0.26785714285714285
22,75,0.26785714285714285,0.21428571428571427,0.21428571428571427,0.21428571428571427,0.21428571428571427,0.21428571428571427,0.21428571428571427
22,80,0.17857142857142855,0.21428571428571425,0.21428571428571425,0.21428571428571425,0.21428571428571425,0.21428571428571425,0.21428571428571425
23,30,0.14285714285714285,0.1964285714285714,0.1964285714285714,0.1964285714285714,0.1964285714285714,0.1964285714285714,0.1964285714285714
23,35,0.10714285714285714,0.1964285714285714,0.1964285714285714,0.1964285714285714,0.1964285714285714,0.1964285714285714,0.1964285714285714
23,40,0.14285714285714285,0.1964285714285714,0.1964285714285714,0.1964285714285714,0.1964285714285714,0.1964285714285714,0.1964285714285714
23,45,0.125,0.1964285714285714,0.1964285714285714,0.1964285714285714,0.1964285714285714,0.1964285714285714,0.1964285714285714
23,50,0.10714285714285714,0.1964285714285714,0.1964285714285714,0.1964285714285714,0.1964285714285714,0.1964285714285714,0.1964285714285714
23,55,0.14285714285714285,0.23214285714285712,0.23214285714285712,0.23214285714285712,0.23214285714285712,0.23214285714285712,0.23214285714285712
23,60,0.17857142857142855,0.24999999999999997,0.24999999999999997,0.24999999999999997,0.24999999999999997,0.24999999999999997,0.24999999999999997
23,65,0.17857142857142855,0.24999999999999997,0.24999999999999997,0.24999999999999997,0.24999999999999997,0.24999999999999997,0.24999999999999997
23,70,0.24999999999999997,0.24999999999999997,0.24999999999999997,0.24999999999999997,0.24999999999999997,0.24999999999999997,0.24999999999999997
23,75,0.23214285714285715,0.21428571428571427,0.21428571428571427,0.21428571428571427,0.21428571428571427,0.21428571428571427,0.21428571428571427
23,80,0.1607142857142857,0.23214285714285712,0.23214285714285712,0.23214285714285712,0.23214285714285712,0.23214285714285712,0.23214285714285712
24,30,0.125,0.1964285714285714,0.1964285714285714,0.1964285714285714,0.1964285714285714,0.1964285714285714,0.1964285714285714
24,35,0.089285714285714274,0.1964285714285714,0.1964285714285714,0.1964285714285714,0.1964285714285714,0.1964285714285714,0.1964285714285714
24,40,0.089285714285714274,0.1964285714285714,0.1964285714285714,0.1964285714285714,0.1964285714285714,0.1964285714285714,0.1964285714285714
24,45,0.125,0.1964285714285714,0.1964285714285714,0.1964285714285714,0.1964285714285714,0.1964285714285714,0.1964285714285714
24,50,0.089285714285714274,0.1964285714285714,0.1964285714285714,0.1964285714285714,0.1964285714285714,0.1964285714285714,0.1964285714285714
24,55,0.1607142857142857,0.23214285714285712,0.23214285714285712,0.23214285714285712,0.23214285714285712,0.23214285714285712,0.23214285714285712
24,60,0.1964285714285714,0.24999999999999997,0.24999999999999997,0.24999999999999997,0.24999999999999997,0.24999999999999997,0.24999999999999997
24,65,0.1607142857142857,0.24999999999999997,0.24999999999999997,0.24999999999999997,0.24999999999999997,0.24999999999999997,0.24999999999999997
24,70,0.25,0.24999999999999997,0.24999999999999997,0.24999999999999997,0.24999999999999997,0.24999999999999997,0.24999999999999997
24,75,0.21428571428571427,0.19642857142857142,0.19642857142857142,0.19642857142857142,0.19642857142857142,0.19642857142857142,0.19642857142857142
24,80,0.17857142857142855,0.1964285714285714,0.1964285714285714,0.1964285714285714,0.1964285714285714,0.1964285714285714,0.1964285714285714
25,30,0.1607142857142857,0.1607142857142857,0.1607142857142857,0.1607142857142857,0.1607142857142857,0.1607142857142857,0.1607142857142857
25,35,0.10714285714285712,0.1607142857142857,0.1607142857142857,0.1607142857142857,0.1607142857142857,0.1607142857142857,0.1607142857142857
25,40,0.089285714285714274,0.1607142857142857,0.1607142857142857,0.1607142857142857,0.1607142857142857,0.1607142857142857,0.1607142857142857
25,45,0.125,0.1607142857142857,0.1607142857142857,0.1607142857142857,0.1607142857142857,0.1607142857142857,0.1607142857142857
25,50,0.10714285714285714,0.1607142857142857,0.1607142857142857,0.1607142857142857,0.1607142857142857,0.1607142857142857,0.1607142857142857
25,55,0.1607142857142857,0.19642857142857142,0.19642857142857142,0.19642857142857142,0.19642857142857142,0.19642857142857142,0.19642857142857142
25,60,0.17857142857142855,0.19642857142857142,0.19642857142857142,0.19642857142857142,0.19642857142857142,0.19642857142857142,0.19642857142857142
25,65,0.17857142857142855,0.19642857142857142,0.19642857142857142,0.19642857142857142,0.19642857142857142,0.19642857142857142,0.19642857142857142
25,70,0.25,0.23214285714285712,0.23214285714285712,0.23214285714285712,0.23214285714285712,0.23214285714285712,0.23214285714285712
25,75,0.25,0.17857142857142855,0.17857142857142855,0.17857142857142855,0.17857142857142855,0.17857142857142855,0.17857142857142855
25,80,0.1964285714285714,0.21428571428571425,0.21428571428571425,0.21428571428571425,0.21428571428571425,0.21428571428571425,0.21428571428571425
26,30,0.17857142857142855,0.17857142857142855,0.17857142857142855,0.17857142857142855,0.17857142857142855,0.17857142857142855,0.17857142857142855
26,35,0.14285714285714285,0.17857142857142855,0.17857142857142855,0.17857142857142855,0.17857142857142855,0.17857142857142855,0.17857142857142855
26,40,0.125,0.17857142857142855,0.17857142857142855,0.17857142857142855,0.17857142857142855,0.17857142857142855,0.17857142857142855
26,45,0.17857142857142858,0.17857142857142855,0.17857142857142855,0.17857142857142855,0.17857142857142855,0.17857142857142855,0.17857142857142855
26,50,0.1607142857142857,0.17857142857142855,0.17857142857142855,0.17857142857142855,0.17857142857142855,0.17857142857142855,0.17857142857142855
26,55,0.17857142857142855,0.19642857142857142,0.19642857142857142,0.19642857142857142,0.19642857142857142,0.19642857142857142,0.19642857142857142
26,60,0.17857142857142855,0.19642857142857142,0.19642857142857142,0.19642857142857142,0.19642857142857142,0.19642857142857142,0.19642857142857142
26,65,0.17857142857142855,0.19642857142857142,0.19642857142857142,0.19642857142857142,0.19642857142857142,0.19642857142857142,0.19642857142857142
26,70,0.23214285714285715,0.23214285714285712,0.23214285714285712,0.23214285714285712,0.23214285714285712,0.23214285714285712,0.23214285714285712
26,75,0.25,0.17857142857142855,0.17857142857142855,0.17857142857142855,0.17857142857142855,0.17857142857142855,0.17857142857142855
26,80,0.1964285714285714,0.1964285714285714,0.1964285714285714,0.1964285714285714,0.1964285714285714,0.1964285714285714,0.1964285714285714
27,30,0.17857142857142855,0.14285714285714285,0.14285714285714285,0.14285714285714285,0.14285714285714285,0.14285714285714285,0.14285714285714285
27,35,0.1607142857142857,0.14285714285714285,0.14285714285714285,0.14285714285714285,0.14285714285714285,0.14285714285714285,0.14285714285714285
27,40,0.14285714285714285,0.14285714285714285,0.14285714285714285,0.14285714285714285,0.14285714285714285,0.14285714285714285,0.14285714285714285
27,45,0.19642857142857142,0.1607142857142857,0.1607142857142857,0.1607142857142857,0.1607142857142857,0.1607142857142857,0.1607142857142857
27,50,0.1607142857142857,0.17857142857142855,0.17857142857142855,0.17857142857142855,0.17857142857142855,0.17857142857142855,0.17857142857142855
27,55,0.1607142857142857,0.25,0.25,0.25,0.25,0.25,0.25
27,60,0.1964285714285714,0.25,0.25,0.25,0.25,0.25,0.25
27,65,0.1964285714285714,0.25,0.25,0.25,0.25,0.25,0.25
27,70,0.25,0.26785714285714285,0.26785714285714285,0.26785714285714285,0.26785714285714285,0.26785714285714285,0.26785714285714285
27,75,0.24999999999999997,0.21428571428571427,0.21428571428571427,0.21428571428571427,0.21428571428571427,0.21428571428571427,0.21428571428571427
27,80,0.21428571428571427,0.1964285714285714,0.1964285714285714,0.1964285714285714,0.1964285714285714,0.1964285714285714,0.1964285714285714
28,30,0.17857142857142855,0.1607142857142857,0.1607142857142857,0.1607142857142857,0.1607142857142857,0.1607142857142857,0.1607142857142857
28,35,0.1607142857142857,0.1607142857142857,0.1607142857142857,0.1607142857142857,0.1607142857142857,0.1607142857142857,0.1607142857142857
28,40,0.1607142857142857,0.1607142857142857,0.1607142857142857,0.1607142857142857,0.1607142857142857,0.1607142857142857,0.1607142857142857
28,45,0.17857142857142858,0.17857142857142855,0.17857142857142855,0.17857142857142855,0.17857142857142855,0.17857142857142855,0.17857142857142855
28,50,0.12499999999999999,0.1964285714285714,0.1964285714285714,0.1964285714285714,0.1964285714285714,0.1964285714285714,0.1964285714285714
28,55,0.17857142857142855,0.21428571428571427,0.21428571428571427,0.21428571428571427,0.21428571428571427,0.21428571428571427,0.21428571428571427
28,60,0.23214285714285715,0.25,0.25,0.25,0.25,0.25,0.25
28,65,0.23214285714285715,0.25,0.25,0.25,0.25,0.25,0.25
28,70,0.24999999999999997,0.26785714285714285,0.26785714285714285,0.26785714285714285,0.26785714285714285,0.26785714285714285,0.26785714285714285
28,75,0.23214285714285712,0.21428571428571427,0.21428571428571427,0.21428571428571427,0.21428571428571427,0.21428571428571427,0.21428571428571427
28,80,0.1964285714285714,0.21428571428571425,0.21428571428571425,0.21428571428571425,0.21428571428571425,0.21428571428571425,0.21428571428571425
29,30,0.17857142857142855,0.1607142857142857,0.1607142857142857,0.1607142857142857,0.1607142857142857,0.1607142857142857,0.1607142857142857
29,35,0.14285714285714285,0.1607142857142857,0.1607142857142857,0.1607142857142857,0.1607142857142857,0.1607142857142857,0.1607142857142857
29,40,0.14285714285714285,0.1607142857142857,0.1607142857142857,0.1607142857142857,0.1607142857142857,0.1607142857142857,0.1607142857142857
29,45,0.14285714285714285,0.17857142857142855,0.17857142857142855,0.17857142857142855,0.17857142857142855,0.17857142857142855,0.17857142857142855
29,50,0.12499999999999999,0.1964285714285714,0.1964285714285714,0.1964285714285714,0.1964285714285714,0.1964285714285714,0.1964285714285714
29,55,0.1964285714285714,0.21428571428571427,0.21428571428571427,0.21428571428571427,0.21428571428571427,0.21428571428571427,0.21428571428571427
29,60,0.17857142857142855,0.23214285714285712,0.23214285714285712,0.23214285714285712,0.23214285714285712,0.23214285714285712,0.23214285714285712
29,65,0.21428571428571427,0.23214285714285712,0.23214285714285712,0.23214285714285712,0.23214285714285712,0.23214285714285712,0.23214285714285712
29,70,0.24999999999999997,0.24999999999999997,0.24999999999999997,0.24999999999999997,0.24999999999999997,0.24999999999999997,0.24999999999999997
29,75,0.25,0.19642857142857142,0.19642857142857142,0.19642857142857142,0.19642857142857142,0.19642857142857142,0.19642857142857142
29,80,0.21428571428571425,0.1964285714285714,0.1964285714285714,0.1964285714285714,0.1964285714285714,0.1964285714285714,0.1964285714285714
30,30,0.1964285714285714,0.1607142857142857,0.1607142857142857,0.1607142857142857,0.1607142857142857,0.1607142857142857,0.1607142857142857
30,35,0.14285714285714285,0.1607142857142857,0.1607142857142857,0.1607142857142857,0.1607142857142857,0.1607142857142857,0.1607142857142857
30,40,0.1607142857142857,0.1607142857142857,0.1607142857142857,0.1607142857142857,0.1607142857142857,0.1607142857142857,0.1607142857142857
30,45,0.14285714285714285,0.17857142857142855,0.17857142857142855,0.17857142857142855,0.17857142857142855,0.17857142857142855,0.17857142857142855
30,50,0.14285714285714285,0.1964285714285714,0.1964285714285714,0.1964285714285714,0.1964285714285714,0.1964285714285714,0.1964285714285714
30,55,0.21428571428571427,0.23214285714285712,0.23214285714285712,0.23214285714285712,0.23214285714285712,0.23214285714285712,0.23214285714285712
30,60,0.17857142857142855,0.23214285714285712,0.23214285714285712,0.23214285714285712,0.23214285714285712,0.23214285714285712,0.23214285714285712
30,65,0.21428571428571427,0.23214285714285712,0.23214285714285712,0.23214285714285712,0.23214285714285712,0.23214285714285712,0.23214285714285712
30,70,0.24999999999999997,0.24999999999999997,0.24999999999999997,0.24999999999999997,0.24999999999999997,0.24999999999999997,0.24999999999999997
30,75,0.21428571428571425,0.19642857142857142,0.19642857142857142,0.19642857142857142,0.19642857142857142,0.19642857142857142,0.19642857142857142
30,80,0.21428571428571425,0.21428571428571427,0.21428571428571427,0.21428571428571427,0.21428571428571427,0.21428571428571427,0.21428571428571427
31,30,0.21428571428571427,0.14285714285714285,0.14285714285714285,0.14285714285714285,0.14285714285714285,0.14285714285714285,0.14285714285714285
31,35,0.1964285714285714,0.14285714285714285,0.14285714285714285,0.14285714285714285,0.14285714285714285,0.14285714285714285,0.14285714285714285
31,40,0.14285714285714285,0.1607142857142857,0.1607142857142857,0.1607142857142857,0.1607142857142857,0.1607142857142857,0.1607142857142857
31,45,0.14285714285714285,0.1607142857142857,0.1607142857142857,0.1607142857142857,0.1607142857142857,0.1607142857142857,0.1607142857142857
31,50,0.1607142857142857,0.1607142857142857,0.1607142857142857,0.1607142857142857,0.1607142857142857,0.1607142857142857,0.1607142857142857
31,55,0.17857142857142855,0.17857142857142855,0.17857142857142855,0.17857142857142855,0.17857142857142855,0.17857142857142855,0.17857142857142855
31,60,0.1964285714285714,0.1964285714285714,0.1964285714285714,0.1964285714285714,0.1964285714285714,0.1964285714285714,0.1964285714285714
31,65,0.23214285714285715,0.1964285714285714,0.1964285714285714,0.1964285714285714,0.1964285714285714,0.1964285714285714,0.1964285714285714
31,70,0.24999999999999997,0.21428571428571425,0.21428571428571425,0.21428571428571425,0.21428571428571425,0.21428571428571425,0.21428571428571425
31,75,0.21428571428571425,0.1607142857142857,0.1607142857142857,0.1607142857142857,0.1607142857142857,0.1607142857142857,0.1607142857142857
31,80,0.2321428571428571,0.21428571428571427,0.21428571428571427,0.21428571428571427,0.21428571428571427,0.21428571428571427,0.21428571428571427
32,30,0.1964285714285714,0.125,0.125,0.125,0.125,0.125,0.125
32,35,0.1964285714285714,0.125,0.125,0.125,0.125,0.125,0.125
32,40,0.1607142857142857,0.14285714285714285,0.14285714285714285,0.14285714285714285,0.14285714285714285,0.14285714285714285,0.14285714285714285
32,45,0.14285714285714285,0.14285714285714285,0.14285714285714285,0.14285714285714285,0.14285714285714285,0.14285714285714285,0.14285714285714285
32,50,0.14285714285714285,0.14285714285714285,0.14285714285714285,0.14285714285714285,0.14285714285714285,0.14285714285714285,0.14285714285714285
32,55,0.1964285714285714,0.17857142857142855,0.17857142857142855,0.17857142857142855,0.17857142857142855,0.17857142857142855,0.17857142857142855
32,60,0.21428571428571427,0.1964285714285714,0.1964285714285714,0.1964285714285714,0.1964285714285714,0.1964285714285714,0.1964285714285714
32,65,0.23214285714285715,0.1964285714285714,0.1964285714285714,0.1964285714285714,0.1964285714285714,0.1964285714285714,0.1964285714285714
32,70,0.24999999999999997,0.21428571428571427,0.21428571428571427,0.21428571428571427,0.21428571428571427,0.21428571428571427,0.21428571428571427
32,75,0.24999999999999997,0.1607142857142857,0.1607142857142857,0.1607142857142857,0.1607142857142857,0.1607142857142857,0.1607142857142857
32,80,0.24999999999999997,0.17857142857142855,0.17857142857142855,0.17857142857142855,0.17857142857142855,0.17857142857142855,0.17857142857142855
33,30,0.17857142857142855,0.10714285714285714,0.10714285714285714,0.10714285714285714,0.10714285714285714,0.10714285714285714,0.10714285714285714
33,35,0.1607142857142857,0.10714285714285714,0.10714285714285714,0.10714285714285714,0.10714285714285714,0.10714285714285714,0.10714285714285714
33,40,0.125,0.125,0.125,0.125,0.125,0.125,0.125
33,45,0.125,0.125,0.125,0.125,0.125,0.125,0.125
33,50,0.14285714285714285,0.125,0.125,0.125,0.125,0.125,0.125
33,55,0.1964285714285714,0.1607142857142857,0.1607142857142857,0.1607142857142857,0.1607142857142857,0.1607142857142857,0.1607142857142857
33,60,0.21428571428571427,0.17857142857142855,0.17857142857142855,0.17857142857142855,0.17857142857142855,0.17857142857142855,0.17857142857142855
33,65,0.21428571428571427,0.17857142857142855,0.17857142857142855,0.17857142857142855,0.17857142857142855,0.17857142857142855,0.17857142857142855
33,70,0.19642857142857142,0.1964285714285714,0.1964285714285714,0.1964285714285714,0.1964285714285714,0.1964285714285714,0.1964285714285714
33,75,0.21428571428571427,0.14285714285714285,0.14285714285714285,0.14285714285714285,0.14285714285714285,0.14285714285714285,0.14285714285714285
33,80,0.1964285714285714,0.17857142857142855,0.17857142857142855,0.17857142857142855,0.17857142857142855,0.17857142857142855,0.17857142857142855
34,30,0.17857142857142855,0.14285714285714285,0.14285714285714285,0.14285714285714285,0.14285714285714285,0.14285714285714285,0.14285714285714285
34,35,0.14285714285714285,0.14285714285714285,0.14285714285714285,0.14285714285714285,0.14285714285714285,0.14285714285714285,0.14285714285714285
34,40,0.10714285714285714,0.1607142857142857,0.1607142857142857,0.1607142857142857,0.1607142857142857,0.1607142857142857,0.1607142857142857
34,45,0.125,0.1607142857142857,0.1607142857142857,0.1607142857142857,0.1607142857142857,0.1607142857142857,0.1607142857142857
34,50,0.14285714285714285,0.1607142857142857,0.1607142857142857,0.1607142857142857,0.1607142857142857,0.1607142857142857,0.1607142857142857
34,55,0.17857142857142855,0.17857142857142855,0.17857142857142855,0.17857142857142855,0.17857142857142855,0.17857142857142855,0.17857142857142855
34,60,0.19642857142857142,0.1964285714285714,0.1964285714285714,0.1964285714285714,0.1964285714285714,0.1964285714285714,0.1964285714285714
34,65,0.23214285714285715,0.1964285714285714,0.1964285714285714,0.1964285714285714,0.1964285714285714,0.1964285714285714,0.1964285714285714
34,70,0.23214285714285712,0.21428571428571427,0.21428571428571427,0.21428571428571427,0.21428571428571427,0.21428571428571427,0.21428571428571427
34,75,0.21428571428571425,0.1607142857142857,0.1607142857142857,0.1607142857142857,0.1607142857142857,0.1607142857142857,0.1607142857142857
34,80,0.1964285714285714,0.17857142857142855,0.17857142857142855,0.17857142857142855,0.17857142857142855,0.17857142857142855,0.17857142857142855
35,30,0.1607142857142857,0.1607142857142857,0.1607142857142857,0.1607142857142857,0.1607142857142857,0.1607142857142857,0.1607142857142857
35,35,0.14285714285714285,0.1607142857142857,0.1607142857142857,0.1607142857142857,0.1607142857142857,0.1607142857142857,0.1607142857142857
35,40,0.10714285714285714,0.17857142857142855,0.17857142857142855,0.17857142857142855,0.17857142857142855,0.17857142857142855,0.17857142857142855
35,45,0.14285714285714285,0.17857142857142855,0.17857142857142855,0.17857142857142855,0.17857142857142855,0.17857142857142855,0.17857142857142855
35,50,0.17857142857142855,0.17857142857142855,0.17857142857142855,0.17857142857142855,0.17857142857142855,0.17857142857142855,0.17857142857142855
35,55,0.17857142857142855,0.1964285714285714,0.1964285714285714,0.1964285714285714,0.1964285714285714,0.1964285714285714,0.1964285714285714
35,60,0.21428571428571427,0.1964285714285714,0.1964285714285714,0.1964285714285714,0.1964285714285714,0.1964285714285714,0.1964285714285714
35,65,0.21428571428571427,0.1964285714285714,0.1964285714285714,0.1964285714285714,0.1964285714285714,0.1964285714285714,0.1964285714285714
35,70,0.21428571428571427,0.21428571428571427,0.21428571428571427,0.21428571428571427,0.21428571428571427,0.21428571428571427,0.21428571428571427
35,75,0.21428571428571425,0.1607142857142857,0.1607142857142857,0.1607142857142857,0.1607142857142857,0.1607142857142857,0.1607142857142857
35,80,0.21428571428571425,0.1607142857142857,0.1607142857142857,0.1607142857142857,0.1607142857142857,0.1607142857142857,0.1607142857142857
36,30,0.1607142857142857,0.17857142857142855,0.17857142857142855,0.17857142857142855,0.17857142857142855,0.17857142857142855,0.17857142857142855
36,35,0.14285714285714285,0.17857142857142855,0.17857142857142855,0.17857142857142855,0.17857142857142855,0.17857142857142855,0.17857142857142855
36,40,0.10714285714285714,0.17857142857142855,0.17857142857142855,0.17857142857142855,0.17857142857142855,0.17857142857142855,0.17857142857142855
36,45,0.125,0.17857142857142855,0.17857142857142855,0.17857142857142855,0.17857142857142855,0.17857142857142855,0.17857142857142855
36,50,0.14285714285714285,0.17857142857142855,0.17857142857142855,0.17857142857142855,0.17857142857142855,0.17857142857142855,0.17857142857142855
36,55,0.17857142857142855,0.17857142857142855,0.17857142857142855,0.17857142857142855,0.17857142857142855,0.17857142857142855,0.17857142857142855
36,60,0.19642857142857142,0.17857142857142855,0.17857142857142855,0.17857142857142855,0.17857142857142855,0.17857142857142855,0.17857142857142855
36,65,0.1964285714285714,0.17857142857142855,0.17857142857142855,0.17857142857142855,0.17857142857142855,0.17857142857142855,0.17857142857142855
36,70,0.1607142857142857,0.1964285714285714,0.1964285714285714,0.1964285714285714,0.1964285714285714,0.1964285714285714,0.1964285714285714
36,75,0.23214285714285712,0.14285714285714285,0.14285714285714285,0.14285714285714285,0.14285714285714285,0.14285714285714285,0.14285714285714285
36,80,0.21428571428571425,0.1607142857142857,0.1607142857142857,0.1607142857142857,0.1607142857142857,0.1607142857142857,0.1607142857142857
37,30,0.1607142857142857,0.17857142857142858,0.17857142857142858,0.17857142857142858,0.17857142857142858,0.17857142857142858,0.17857142857142858
37,35,0.14285714285714285,0.17857142857142858,0.17857142857142858,0.17857142857142858,0.17857142857142858,0.17857142857142858,0.17857142857142858
37,40,0.10714285714285714,0.17857142857142858,0.17857142857142858,0.17857142857142858,0.17857142857142858,0.17857142857142858,0.17857142857142858
37,45,0.10714285714285714,0.17857142857142858,0.17857142857142858,0.17857142857142858,0.17857142857142858,0.17857142857142858,0.17857142857142858
37,50,0.125,0.1607142857142857,0.1607142857142857,0.1607142857142857,0.1607142857142857,0.1607142857142857,0.1607142857142857
37,55,0.17857142857142855,0.17857142857142855,0.17857142857142855,0.17857142857142855,0.17857142857142855,0.17857142857142855,0.17857142857142855
37,60,0.21428571428571427,0.17857142857142855,0.17857142857142855,0.17857142857142855,0.17857142857142855,0.17857142857142855,0.17857142857142855
37,65,0.17857142857142855,0.17857142857142855,0.17857142857142855,0.17857142857142855,0.17857142857142855,0.17857142857142855,0.17857142857142855
37,70,0.1607142857142857,0.1964285714285714,0.1964285714285714,0.1964285714285714,0.1964285714285714,0.1964285714285714,0.1964285714285714
37,75,0.19642857142857142,0.14285714285714285,0.14285714285714285,0.14285714285714285,0.14285714285714285,0.14285714285714285,0.14285714285714285
37,80,0.1964285714285714,0.14285714285714285,0.14285714285714285,0.14285714285714285,0.14285714285714285,0.14285714285714285,0.14285714285714285
38,30,0.1607142857142857,0.17857142857142858,0.17857142857142858,0.17857142857142858,0.17857142857142858,0.17857142857142858,0.17857142857142858
38,35,0.10714285714285714,0.17857142857142858,0.17857142857142858,0.17857142857142858,0.17857142857142858,0.17857142857142858,0.17857142857142858
38,40,0.10714285714285714,0.17857142857142858,0.17857142857142858,0.17857142857142858,0.17857142857142858,0.17857142857142858,0.17857142857142858
38,45,0.089285714285714274,0.17857142857142858,0.17857142857142858,0.17857142857142858,0.17857142857142858,0.17857142857142858,0.17857142857142858
38,50,0.10714285714285714,0.1607142857142857,0.1607142857142857,0.1607142857142857,0.1607142857142857,0.1607142857142857,0.1607142857142857
38,55,0.14285714285714285,0.17857142857142855,0.17857142857142855,0.17857142857142855,0.17857142857142855,0.17857142857142855,0.17857142857142855
38,60,0.1607142857142857,0.17857142857142855,0.17857142857142855,0.17857142857142855,0.17857142857142855,0.17857142857142855,0.17857142857142855
38,65,0.1964285714285714,0.17857142857142855,0.17857142857142855,0.17857142857142855,0.17857142857142855,0.17857142857142855,0.17857142857142855
38,70,0.1607142857142857,0.1964285714285714,0.1964285714285714,0.1964285714285714,0.1964285714285714,0.1964285714285714,0.1964285714285714
38,75,0.17857142857142855,0.14285714285714285,0.14285714285714285,0.14285714285714285,0.14285714285714285,0.14285714285714285,0.14285714285714285
38,80,0.14285714285714285,0.14285714285714285,0.14285714285714285,0.14285714285714285,0.14285714285714285,0.14285714285714285,0.14285714285714285
39,30,0.14285714285714285,0.19642857142857142,0.19642857142857142,0.19642857142857142,0.19642857142857142,0.19642857142857142,0.19642857142857142
39,35,0.10714285714285714,0.19642857142857142,0.19642857142857142,0.19642857142857142,0.19642857142857142,0.19642857142857142,0.19642857142857142
39,40,0.125,0.19642857142857142,0.19642857142857142,0.19642857142857142,0.19642857142857142,0.19642857142857142,0.19642857142857142
39,45,0.089285714285714274,0.19642857142857142,0.19642857142857142,0.19642857142857142,0.19642857142857142,0.19642857142857142,0.19642857142857142
39,50,0.125,0.17857142857142858,0.17857142857142858,0.17857142857142858,0.17857142857142858,0.17857142857142858,0.17857142857142858
39,55,0.1607142857142857,0.17857142857142855,0.17857142857142855,0.17857142857142855,0.17857142857142855,0.17857142857142855,0.17857142857142855
39,60,0.17857142857142855,0.17857142857142855,0.17857142857142855,0.17857142857142855,0.17857142857142855,0.17857142857142855,0.17857142857142855
39,65,0.17857142857142855,0.17857142857142855,0.17857142857142855,0.17857142857142855,0.17857142857142855,0.17857142857142855,0.17857142857142855
39,70,0.17857142857142855,0.1964285714285714,0.1964285714285714,0.1964285714285714,0.1964285714285714,0.1964285714285714,0.1964285714285714
39,75,0.1964285714285714,0.14285714285714285,0.14285714285714285,0.14285714285714285,0.14285714285714285,0.14285714285714285,0.14285714285714285
39,80,0.14285714285714285,0.1607142857142857,0.1607142857142857,0.1607142857142857,0.1607142857142857,0.1607142857142857,0.1607142857142857
40,30,0.10714285714285714,0.1607142857142857,0.1607142857142857,0.1607142857142857,0.1607142857142857,0.1607142857142857,0.1607142857142857
40,35,0.071428571428571425,0.1607142857142857,0.1607142857142857,0.1607142857142857,0.1607142857142857,0.1607142857142857,0.1607142857142857
40,40,0.10714285714285714,0.1607142857142857,0.1607142857142857,0.1607142857142857,0.1607142857142857,0.1607142857142857,0.1607142857142857
40,45,0.089285714285714274,0.1607142857142857,0.1607142857142857,0.1607142857142857,0.1607142857142857,0.1607142857142857,0.1607142857142857
40,50,0.14285714285714285,0.14285714285714285,0.14285714285714285,0.14285714285714285,0.14285714285714285,0.14285714285714285,0.14285714285714285
40,55,0.1607142857142857,0.1607142857142857,0.1607142857142857,0.1607142857142857,0.1607142857142857,0.1607142857142857,0.1607142857142857
40,60,0.1607142857142857,0.1607142857142857,0.1607142857142857,0.1607142857142857,0.1607142857142857,0.1607142857142857,0.1607142857142857
40,65,0.1607142857142857,0.1607142857142857,0.1607142857142857,0.1607142857142857,0.1607142857142857,0.1607142857142857,0.1607142857142857
40,70,0.19642857142857142,0.17857142857142855,0.17857142857142855,0.17857142857142855,0.17857142857142855,0.17857142857142855,0.17857142857142855
40,75,0.1607142857142857,0.14285714285714285,0.14285714285714285,0.14285714285714285,0.14285714285714285,0.14285714285714285,0.14285714285714285
40,80,0.14285714285714285,0.14285714285714285,0.14285714285714285,0.14285714285714285,0.14285714285714285,0.14285714285714285,0.14285714285714285
41,30,0.17857142857142855,0.19642857142857142,0.19642857142857142,0.19642857142857142,0.19642857142857142,0.19642857142857142,0.19642857142857142
41,35,0.10714285714285714,0.19642857142857142,0.19642857142857142,0.19642857142857142,0.19642857142857142,0.19642857142857142,0.19642857142857142
41,40,0.089285714285714274,0.19642857142857142,0.19642857142857142,0.19642857142857142,0.19642857142857142,0.19642857142857142,0.19642857142857142
41,45,0.089285714285714274,0.19642857142857142,0.19642857142857142,0.19642857142857142,0.19642857142857142,0.19642857142857142,0.19642857142857142
41,50,0.10714285714285714,0.17857142857142855,0.17857142857142855,0.17857142857142855,0.17857142857142855,0.17857142857142855,0.17857142857142855
41,55,0.14285714285714285,0.1964285714285714,0.1964285714285714,0.1964285714285714,0.1964285714285714,0.1964285714285714,0.1964285714285714
41,60,0.17857142857142855,0.1964285714285714,0.1964285714285714,0.1964285714285714,0.1964285714285714,0.1964285714285714,0.1964285714285714
41,65,0.17857142857142855,0.1964285714285714,0.1964285714285714,0.1964285714285714,0.1964285714285714,0.1964285714285714,0.1964285714285714
41,70,0.1964285714285714,0.1964285714285714,0.1964285714285714,0.1964285714285714,0.1964285714285714,0.1964285714285714,0.1964285714285714
41,75,0.1607142857142857,0.14285714285714285,0.14285714285714285,0.14285714285714285,0.14285714285714285,0.14285714285714285,0.14285714285714285
41,80,0.14285714285714285,0.14285714285714285,0.14285714285714285,0.14285714285714285,0.14285714285714285,0.14285714285714285,0.14285714285714285
42,30,0.21428571428571427,0.17857142857142855,0.17857142857142855,0.17857142857142855,0.17857142857142855,0.17857142857142855,0.17857142857142855
42,35,0.14285714285714285,0.17857142857142855,0.17857142857142855,0.17857142857142855,0.17857142857142855,0.17857142857142855,0.17857142857142855
42,40,0.089285714285714274,0.17857142857142855,0.17857142857142855,0.17857142857142855,0.17857142857142855,0.17857142857142855,0.17857142857142855
42,45,0.10714285714285714,0.17857142857142855,0.17857142857142855,0.17857142857142855,0.17857142857142855,0.17857142857142855,0.17857142857142855
42,50,0.125,0.1607142857142857,0.1607142857142857,0.1607142857142857,0.1607142857142857,0.1607142857142857,0.1607142857142857
42,55,0.14285714285714285,0.17857142857142855,0.17857142857142855,0.17857142857142855,0.17857142857142855,0.17857142857142855,0.17857142857142855
42,60,0.17857142857142855,0.17857142857142855,0.17857142857142855,0.17857142857142855,0.17857142857142855,0.17857142857142855,0.17857142857142855
42,65,0.14285714285714285,0.17857142857142855,0.17857142857142855,0.17857142857142855,0.17857142857142855,0.17857142857142855,0.17857142857142855
42,70,0.1607142857142857,0.17857142857142855,0.17857142857142855,0.17857142857142855,0.17857142857142855,0.17857142857142855,0.17857142857142855
42,75,0.125,0.125,0.125,0.125,0.125,0.125,0.125
42,80,0.14285714285714285,0.14285714285714285,0.14285714285714285,0.14285714285714285,0.14285714285714285,0.14285714285714285,0.14285714285714285
43,30,0.14285714285714285,0.1964285714285714,0.1964285714285714,0.1964285714285714,0.1964285714285714,0.1964285714285714,0.1964285714285714
43,35,0.089285714285714274,0.1964285714285714,0.1964285714285714,0.1964285714285714,0.1964285714285714,0.1964285714285714,0.1964285714285714
43,40,0.071428571428571425,0.1964285714285714,0.1964285714285714,0.1964285714285714,0.1964285714285714,0.1964285714285714,0.1964285714285714
43,45,0.071428571428571425,0.1964285714285714,0.1964285714285714,0.1964285714285714,0.1964285714285714,0.1964285714285714,0.1964285714285714
43,50,0.071428571428571425,0.17857142857142855,0.17857142857142855,0.17857142857142855,0.17857142857142855,0.17857142857142855,0.17857142857142855
43,55,0.125,0.1964285714285714,0.1964285714285714,0.1964285714285714,0.1964285714285714,0.1964285714285714,0.1964285714285714
43,60,0.17857142857142855,0.1964285714285714,0.1964285714285714,0.1964285714285714,0.1964285714285714,0.1964285714285714,0.1964285714285714
43,65,0.1607142857142857,0.1964285714285714,0.1964285714285714,0.1964285714285714,0.1964285714285714,0.1964285714285714,0.1964285714285714
43,70,0.17857142857142858,0.1964285714285714,0.1964285714285714,0.1964285714285714,0.1964285714285714,0.1964285714285714,0.1964285714285714
43,75,0.14285714285714285,0.125,0.125,0.125,0.125,0.125,0.125
43,80,0.14285714285714285,0.1607142857142857,0.1607142857142857,0.1607142857142857,0.1607142857142857,0.1607142857142857,0.1607142857142857
44,30,0.10714285714285714,0.17857142857142855,0.17857142857142855,0.17857142857142855,0.17857142857142855,0.17857142857142855,0.17857142857142855
44,35,0.10714285714285714,0.17857142857142855,0.17857142857142855,0.17857142857142855,0.17857142857142855,0.17857142857142855,0.17857142857142855
44,40,0.10714285714285714,0.17857142857142855,0.17857142857142855,0.17857142857142855,0.17857142857142855,0.17857142857142855,0.17857142857142855
44,45,0.10714285714285714,0.17857142857142855,0.17857142857142855,0.17857142857142855,0.17857142857142855,0.17857142857142855,0.17857142857142855
44,50,0.089285714285714274,0.1607142857142857,0.1607142857142857,0.1607142857142857,0.1607142857142857,0.1607142857142857,0.1607142857142857
44,55,0.125,0.17857142857142855,0.17857142857142855,0.17857142857142855,0.17857142857142855,0.17857142857142855,0.17857142857142855
44,60,0.17857142857142855,0.17857142857142855,0.17857142857142855,0.17857142857142855,0.17857142857142855,0.17857142857142855,0.17857142857142855
44,65,0.14285714285714285,0.17857142857142855,0.17857142857142855,0.17857142857142855,0.17857142857142855,0.17857142857142855,0.17857142857142855
44,70,0.1607142857142857,0.1964285714285714,0.1964285714285714,0.1964285714285714,0.1964285714285714,0.1964285714285714,0.1964285714285714
44,75,0.14285714285714285,0.125,0.125,0.125,0.125,0.125,0.125
44,80,0.1607142857142857,0.14285714285714285,0.14285714285714285,0.14285714285714285,0.14285714285714285,0.14285714285714285,0.14285714285714285
45,30,0.1607142857142857,0.10714285714285714,0.10714285714285714,0.10714285714285714,0.10714285714285714,0.10714285714285714,0.10714285714285714
45,35,0.14285714285714285,0.10714285714285714,0.10714285714285714,0.10714285714285714,0.10714285714285714,0.10714285714285714,0.10714285714285714
45,40,0.10714285714285714,0.10714285714285714,0.10714285714285714,0.10714285714285714,0.10714285714285714,0.10714285714285714,0.10714285714285714
45,45,0.125,0.125,0.125,0.125,0.125,0.125,0.125
45,50,0.089285714285714274,0.10714285714285714,0.10714285714285714,0.10714285714285714,0.10714285714285714,0.10714285714285714,0.10714285714285714
45,55,0.10714285714285714,0.125,0.125,0.125,0.125,0.125,0.125
45,60,0.14285714285714285,0.125,0.125,0.125,0.125,0.125,0.125
45,65,0.125,0.125,0.125,0.125,0.125,0.125,0.125
45,70,0.19642857142857142,0.1607142857142857,0.1607142857142857,0.1607142857142857,0.1607142857142857,0.1607142857142857,0.1607142857142857
45,75,0.1607142857142857,0.10714285714285714,0.10714285714285714,0.10714285714285714,0.10714285714285714,0.10714285714285714,0.10714285714285714
45,80,0.1607142857142857,0.14285714285714285,0.14285714285714285,0.14285714285714285,0.14285714285714285,0.14285714285714285,0.14285714285714285
46,30,0.1607142857142857,0.089285714285714274,0.089285714285714274,0.089285714285714274,0.089285714285714274,0.089285714285714274,0.089285714285714274
46,35,0.14285714285714285,0.089285714285714274,0.089285714285714274,0.089285714285714274,0.089285714285714274,0.089285714285714274,0.089285714285714274
46,40,0.089285714285714274,0.089285714285714274,0.089285714285714274,0.089285714285714274,0.089285714285714274,0.089285714285714274,0.089285714285714274
46,45,0.089285714285714274,0.10714285714285714,0.10714285714285714,0.10714285714285714,0.10714285714285714,0.10714285714285714,0.10714285714285714
46,50,0.089285714285714274,0.10714285714285714,0.10714285714285714,0.10714285714285714,0.10714285714285714,0.10714285714285714,0.10714285714285714
46,55,0.125,0.125,0.125,0.125,0.125,0.125,0.125
46,60,0.1607142857142857,0.125,0.125,0.125,0.125,0.125,0.125
46,65,0.14285714285714285,0.125,0.125,0.125,0.125,0.125,0.125
46,70,0.14285714285714285,0.1607142857142857,0.1607142857142857,0.1607142857142857,0.1607142857142857,0.1607142857142857,0.1607142857142857
46,75,0.10714285714285714,0.14285714285714285,0.14285714285714285,0.14285714285714285,0.14285714285714285,0.14285714285714285,0.14285714285714285
46,80,0.1607142857142857,0.17857142857142855,0.17857142857142855,0.17857142857142855,0.17857142857142855,0.17857142857142855,0.17857142857142855
47,30,0.10714285714285714,0.125,0.125,0.125,0.125,0.125,0.125
47,35,0.14285714285714285,0.125,0.125,0.125,0.125,0.125,0.125
47,40,0.089285714285714274,0.125,0.125,0.125,0.125,0.125,0.125
47,45,0.10714285714285714,0.14285714285714285,0.14285714285714285,0.14285714285714285,0.14285714285714285,0.14285714285714285,0.14285714285714285
47,50,0.10714285714285714,0.12499999999999999,0.12499999999999999,0.12499999999999999,0.12499999999999999,0.12499999999999999,0.12499999999999999
47,55,0.1607142857142857,0.14285714285714285,0.14285714285714285,0.14285714285714285,0.14285714285714285,0.14285714285714285,0.14285714285714285
47,60,0.17857142857142858,0.14285714285714285,0.14285714285714285,0.14285714285714285,0.14285714285714285,0.14285714285714285,0.14285714285714285
47,65,0.19642857142857142,0.14285714285714285,0.14285714285714285,0.14285714285714285,0.14285714285714285,0.14285714285714285,0.14285714285714285
47,70,0.21428571428571427,0.14285714285714285,0.14285714285714285,0.14285714285714285,0.14285714285714285,0.14285714285714285,0.14285714285714285
47,75,0.125,0.14285714285714285,0.14285714285714285,0.14285714285714285,0.14285714285714285,0.14285714285714285,0.14285714285714285
47,80,0.14285714285714285,0.1607142857142857,0.1607142857142857,0.1607142857142857,0.1607142857142857,0.1607142857142857,0.1607142857142857
48,30,0.125,0.089285714285714274,0.089285714285714274,0.089285714285714274,0.089285714285714274,0.089285714285714274,0.089285714285714274
48,35,0.089285714285714274,0.089285714285714274,0.089285714285714274,0.089285714285714274,0.089285714285714274,0.089285714285714274,0.089285714285714274
48,40,0.10714285714285714,0.089285714285714274,0.089285714285714274,0.089285714285714274,0.089285714285714274,0.089285714285714274,0.089285714285714274
48,45,0.125,0.089285714285714274,0.089285714285714274,0.089285714285714274,0.089285714285714274,0.089285714285714274,0.089285714285714274
48,50,0.10714285714285714,0.089285714285714274,0.089285714285714274,0.089285714285714274,0.089285714285714274,0.089285714285714274,0.089285714285714274
48,55,0.14285714285714285,0.089285714285714274,0.089285714285714274,0.089285714285714274,0.089285714285714274,0.08928571428571