40,2,0.071428571428571425,0.035714285714285712
40,3,0.053571428571428568,0.017857142857142856
40,4,0.071428571428571425,0.017857142857142856
40,5,0.089285714285714288,0.035714285714285712
40,6,0.089285714285714288,0.035714285714285712
40,7,0.071428571428571425,0.071428571428571425
40,8,0.071428571428571425,0.071428571428571425
40,9,0.071428571428571425,0.089285714285714288
40,10,0.089285714285714288,0.089285714285714288
40,11,0.053571428571428568,0.089285714285714288
40,12,0.071428571428571425,0.10714285714285714
40,13,0.089285714285714288,0.10714285714285714
40,14,0.071428571428571425,0.089285714285714288
40,15,0.071428571428571425,0.089285714285714288
40,16,0.071428571428571425,0.089285714285714288
40,17,0.071428571428571425,0.10714285714285714
40,18,0.071428571428571425,0.10714285714285714
40,19,0.071428571428571425,0.089285714285714288
40,20,0.071428571428571425,0.089285714285714288
40,21,0.071428571428571425,0.10714285714285714
40,22,0.071428571428571425,0.10714285714285714
40,23,0.071428571428571425,0.10714285714285714
40,24,0.071428571428571425,0.10714285714285714
41,2,0.035714285714285712,0.10714285714285714
41,3,0.035714285714285712,0.16071428571428573
41,4,0.035714285714285712,0.10714285714285714
41,5,0.017857142857142856,0.125
41,6,0.017857142857142856,0.10714285714285714
41,7,0.017857142857142856,0.089285714285714288
41,8,0.017857142857142856,0.053571428571428568
41,9,0.017857142857142856,0.10714285714285714
41,10,0.035714285714285712,0.125
41,11,0.035714285714285712,0.10714285714285714
41,12,0.035714285714285712,0.14285714285714285
41,13,0.035714285714285712,0.14285714285714285
41,14,0.017857142857142856,0.14285714285714285
41,15,0.035714285714285712,0.125
41,16,0.035714285714285712,0.125
41,17,0.035714285714285712,0.10714285714285714
41,18,0.017857142857142856,0.10714285714285714
41,19,0.017857142857142856,0.10714285714285714
41,20,0.017857142857142856,0.10714285714285714
41,21,0.017857142857142856,0.10714285714285714
41,22,0.017857142857142856,0.10714285714285714
41,23,0.017857142857142856,0.10714285714285714
41,24,0.017857142857142856,0.10714285714285714
42,2,0.17857142857142858,0.19642857142857142
42,3,0.21428571428571427,0.19642857142857142
42,4,0.19642857142857142,0.125
42,5,0.14285714285714285,0.16071428571428573
42,6,0.16071428571428573,0.19642857142857142
42,7,0.19642857142857142,0.19642857142857142
42,8,0.16071428571428573,0.19642857142857142
42,9,0.14285714285714285,0.19642857142857142
42,10,0.14285714285714285,0.19642857142857142
42,11,0.14285714285714285,0.21428571428571427
42,12,0.10714285714285714,0.23214285714285715
42,13,0.089285714285714288,0.19642857142857142
42,14,0.089285714285714288,0.21428571428571427
42,15,0.053571428571428568,0.19642857142857142
42,16,0.071428571428571425,0.19642857142857142
42,17,0.071428571428571425,0.19642857142857142
42,18,0.10714285714285714,0.19642857142857142
42,19,0.10714285714285714,0.19642857142857142
42,20,0.125,0.19642857142857142
42,21,0.14285714285714285,0.21428571428571427
42,22,0.14285714285714285,0.23214285714285715
42,23,0.089285714285714288,0.23214285714285715
42,24,0.10714285714285714,0.23214285714285715
43,2,0.25,0.17857142857142858
43,3,0.23214285714285715,0.19642857142857142
43,4,0.19642857142857142,0.21428571428571427
43,5,0.21428571428571427,0.26785714285714285
43,6,0.25,0.30357142857142855
43,7,0.23214285714285715,0.25
43,8,0.2857142857142857,0.19642857142857142
43,9,0.2857142857142857,0.17857142857142858
43,10,0.23214285714285715,0.17857142857142858
43,11,0.23214285714285715,0.19642857142857142
43,12,0.25,0.19642857142857142
43,13,0.25,0.19642857142857142
43,14,0.25,0.19642857142857142
43,15,0.21428571428571427,0.19642857142857142
43,16,0.17857142857142858,0.17857142857142858
43,17,0.19642857142857142,0.17857142857142858
43,18,0.21428571428571427,0.17857142857142858
43,19,0.21428571428571427,0.16071428571428573
43,20,0.23214285714285715,0.16071428571428573
43,21,0.19642857142857142,0.17857142857142858
43,22,0.21428571428571427,0.17857142857142858
43,23,0.21428571428571427,0.17857142857142858
43,24,0.21428571428571427,0.17857142857142858
44,2,0.19642857142857142,0.19642857142857142
44,3,0.25,0.26785714285714285
44,4,0.23214285714285715,0.2857142857142857
44,5,0.25,0.23214285714285715
44,6,0.25,0.26785714285714285
44,7,0.17857142857142858,0.23214285714285715
44,8,0.25,0.26785714285714285
44,9,0.19642857142857142,0.26785714285714285
44,10,0.21428571428571427,0.26785714285714285
44,11,0.26785714285714285,0.2857142857142857
44,12,0.25,0.25
44,13,0.23214285714285715,0.26785714285714285
44,14,0.19642857142857142,0.23214285714285715
44,15,0.23214285714285715,0.21428571428571427
44,16,0.25,0.21428571428571427
44,17,0.21428571428571427,0.21428571428571427
44,18,0.21428571428571427,0.21428571428571427
44,19,0.25,0.21428571428571427
44,20,0.23214285714285715,0.21428571428571427
44,21,0.23214285714285715,0.21428571428571427
44,22,0.23214285714285715,0.21428571428571427
44,23,0.21428571428571427,0.21428571428571427
44,24,0.23214285714285715,0.21428571428571427
45,2,0.035714285714285712,0.089285714285714288
45,3,0.0,0.071428571428571425
45,4,0.017857142857142856,0.035714285714285712
45,5,0.017857142857142856,0.10714285714285714
45,6,0.0,0.10714285714285714
45,7,0.017857142857142856,0.10714285714285714
45,8,0.0,0.089285714285714288
45,9,0.0,0.089285714285714288
45,10,0.017857142857142856,0.089285714285714288
45,11,0.017857142857142856,0.10714285714285714
45,12,0.035714285714285712,0.089285714285714288
45,13,0.017857142857142856,0.071428571428571425
45,14,0.017857142857142856,0.071428571428571425
45,15,0.035714285714285712,0.071428571428571425
45,16,0.071428571428571425,0.071428571428571425
45,17,0.071428571428571425,0.071428571428571425
45,18,0.071428571428571425,0.071428571428571425
45,19,0.071428571428571425,0.071428571428571425
45,20,0.071428571428571425,0.071428571428571425
45,21,0.071428571428571425,0.071428571428571425
45,22,0.071428571428571425,0.071428571428571425
45,23,0.071428571428571425,0.071428571428571425
45,24,0.071428571428571425,0.071428571428571425
46,2,0.16071428571428573,0.21428571428571427
46,3,0.16071428571428573,0.23214285714285715
46,4,0.17857142857142858,0.21428571428571427
46,5,0.10714285714285714,0.25
46,6,0.089285714285714288,0.23214285714285715
46,7,0.125,0.19642857142857142
46,8,0.14285714285714285,0.21428571428571427
46,9,0.16071428571428573,0.25
46,10,0.125,0.25
46,11,0.14285714285714285,0.25
46,12,0.16071428571428573,0.26785714285714285
46,13,0.16071428571428573,0.26785714285714285
46,14,0.16071428571428573,0.2857142857142857
46,15,0.17857142857142858,0.2857142857142857
46,16,0.16071428571428573,0.2857142857142857
46,17,0.16071428571428573,0.2857142857142857
46,18,0.16071428571428573,0.2857142857142857
46,19,0.16071428571428573,0.2857142857142857
46,20,0.17857142857142858,0.2857142857142857
46,21,0.17857142857142858,0.2857142857142857
46,22,0.16071428571428573,0.2857142857142857
46,23,0.16071428571428573,0.2857142857142857
46,24,0.16071428571428573,0.2857142857142857
47,2,0.017857142857142856,0.10714285714285714
47,3,0.0,0.125
47,4,0.035714285714285712,0.10714285714285714
47,5,0.017857142857142856,0.10714285714285714
47,6,0.017857142857142856,0.14285714285714285
47,7,0.017857142857142856,0.10714285714285714
47,8,0.0,0.125
47,9,0.017857142857142856,0.10714285714285714
47,10,0.035714285714285712,0.125
47,11,0.035714285714285712,0.125
47,12,0.035714285714285712,0.089285714285714288
47,13,0.053571428571428568,0.10714285714285714
47,14,0.071428571428571425,0.10714285714285714
47,15,0.071428571428571425,0.10714285714285714
47,16,0.053571428571428568,0.10714285714285714
47,17,0.035714285714285712,0.10714285714285714
47,18,0.035714285714285712,0.10714285714285714
47,19,0.053571428571428568,0.10714285714285714
47,20,0.071428571428571425,0.10714285714285714
47,21,0.071428571428571425,0.10714285714285714
47,22,0.089285714285714288,0.10714285714285714
47,23,0.071428571428571425,0.10714285714285714
47,24,0.071428571428571425,0.10714285714285714
48,2,0.125,0.25
48,3,0.071428571428571425,0.19642857142857142
48,4,0.071428571428571425,0.25
48,5,0.071428571428571425,0.23214285714285715
48,6,0.071428571428571425,0.21428571428571427
48,7,0.071428571428571425,0.21428571428571427
48,8,0.10714285714285714,0.25
48,9,0.071428571428571425,0.25
48,10,0.10714285714285714,0.21428571428571427
48,11,0.14285714285714285,0.19642857142857142
48,12,0.16071428571428573,0.19642857142857142
48,13,0.16071428571428573,0.21428571428571427
48,14,0.17857142857142858,0.21428571428571427
48,15,0.16071428571428573,0.19642857142857142
48,16,0.125,0.21428571428571427
48,17,0.17857142857142858,0.21428571428571427
48,18,0.21428571428571427,0.19642857142857142
48,19,0.21428571428571427,0.21428571428571427
48,20,0.21428571428571427,0.19642857142857142
48,21,0.19642857142857142,0.19642857142857142
48,22,0.21428571428571427,0.19642857142857142
48,23,0.19642857142857142,0.19642857142857142
48,24,0.19642857142857142,0.19642857142857142
49,2,0.017857142857142856,0.035714285714285712
49,3,0.0,0.10714285714285714
49,4,0.0,0.089285714285714288
49,5,0.0,0.053571428571428568
49,6,0.0,0.035714285714285712
49,7,0.0,0.053571428571428568
49,8,0.0,0.071428571428571425
49,9,0.0,0.035714285714285712
49,10,0.0,0.035714285714285712
49,11,0.0,0.053571428571428568
49,12,0.0,0.053571428571428568
49,13,0.0,0.053571428571428568
49,14,0.0,0.053571428571428568
49,15,0.0,0.053571428571428568
49,16,0.0,0.071428571428571425
49,17,0.0,0.071428571428571425
49,18,0.0,0.071428571428571425
49,19,0.017857142857142856,0.071428571428571425
49,20,0.017857142857142856,0.071428571428571425
49,21,0.017857142857142856,0.071428571428571425
49,22,0.017857142857142856,0.071428571428571425
49,23,0.017857142857142856,0.071428571428571425
49,24,0.017857142857142856,0.071428571428571425
50,2,0.017857142857142856,0.035714285714285712
50,3,0.035714285714285712,0.17857142857142858
50,4,0.017857142857142856,0.125
50,5,0.035714285714285712,0.089285714285714288
50,6,0.017857142857142856,0.125
50,7,0.017857142857142856,0.089285714285714288
50,8,0.017857142857142856,0.10714285714285714
50,9,0.017857142857142856,0.10714285714285714
50,10,0.017857142857142856,0.10714285714285714
50,11,0.017857142857142856,0.089285714285714288
50,12,0.017857142857142856,0.10714285714285714
50,13,0.017857142857142856,0.089285714285714288
50,14,0.017857142857142856,0.089285714285714288
50,15,0.017857142857142856,0.089285714285714288
50,16,0.017857142857142856,0.089285714285714288
50,17,0.017857142857142856,0.089285714285714288
50,18,0.017857142857142856,0.089285714285714288
50,19,0.017857142857142856,0.089285714285714288
50,20,0.017857142857142856,0.089285714285714288
50,21,0.017857142857142856,0.089285714285714288
50,22,0.017857142857142856,0.089285714285714288
50,23,0.017857142857142856,0.089285714285714288
50,24,0.017857142857142856,0.10714285714285714
51,2,0.089285714285714288,0.089285714285714288
51,3,0.19642857142857142,0.16071428571428573
51,4,0.16071428571428573,0.23214285714285715
51,5,0.19642857142857142,0.19642857142857142
51,6,0.16071428571428573,0.14285714285714285
51,7,0.17857142857142858,0.14285714285714285
51,8,0.17857142857142858,0.16071428571428573
51,9,0.14285714285714285,0.125
51,10,0.14285714285714285,0.125
51,11,0.16071428571428573,0.10714285714285714
51,12,0.17857142857142858,0.125
51,13,0.17857142857142858,0.16071428571428573
51,14,0.16071428571428573,0.17857142857142858
51,15,0.26785714285714285,0.16071428571428573
51,16,0.23214285714285715,0.16071428571428573
51,17,0.21428571428571427,0.16071428571428573
51,18,0.23214285714285715,0.17857142857142858
51,19,0.21428571428571427,0.17857142857142858
51,20,0.21428571428571427,0.19642857142857142
51,21,0.19642857142857142,0.19642857142857142
51,22,0.21428571428571427,0.21428571428571427
51,23,0.21428571428571427,0.21428571428571427
51,24,0.19642857142857142,0.19642857142857142
52,2,0.053571428571428568,0.16071428571428573
52,3,0.035714285714285712,0.16071428571428573
52,4,0.0,0.21428571428571427
52,5,0.0,0.125
52,6,0.017857142857142856,0.14285714285714285
52,7,0.071428571428571425,0.125
52,8,0.071428571428571425,0.14285714285714285
52,9,0.053571428571428568,0.14285714285714285
52,10,0.071428571428571425,0.14285714285714285
52,11,0.053571428571428568,0.14285714285714285
52,12,0.053571428571428568,0.14285714285714285
52,13,0.053571428571428568,0.14285714285714285
52,14,0.089285714285714288,0.16071428571428573
52,15,0.089285714285714288,0.16071428571428573
52,16,0.071428571428571425,0.16071428571428573
52,17,0.071428571428571425,0.14285714285714285
52,18,0.071428571428571425,0.16071428571428573
52,19,0.053571428571428568,0.17857142857142858
52,20,0.053571428571428568,0.17857142857142858
52,21,0.089285714285714288,0.17857142857142858
52,22,0.089285714285714288,0.17857142857142858
52,23,0.071428571428571425,0.17857142857142858
52,24,0.089285714285714288,0.17857142857142858
53,2,0.125,0.16071428571428573
53,3,0.071428571428571425,0.14285714285714285
53,4,0.035714285714285712,0.17857142857142858
53,5,0.053571428571428568,0.17857142857142858
53,6,0.035714285714285712,0.17857142857142858
53,7,0.071428571428571425,0.21428571428571427
53,8,0.071428571428571425,0.19642857142857142
53,9,0.035714285714285712,0.17857142857142858
53,10,0.053571428571428568,0.14285714285714285
53,11,0.071428571428571425,0.17857142857142858
53,12,0.071428571428571425,0.19642857142857142
53,13,0.089285714285714288,0.21428571428571427
53,14,0.10714285714285714,0.21428571428571427
53,15,0.071428571428571425,0.21428571428571427
53,16,0.10714285714285714,0.21428571428571427
53,17,0.10714285714285714,0.17857142857142858
53,18,0.10714285714285714,0.14285714285714285
53,19,0.125,0.16071428571428573
53,20,0.10714285714285714,0.17857142857142858
53,21,0.10714285714285714,0.17857142857142858
53,22,0.089285714285714288,0.17857142857142858
53,23,0.089285714285714288,0.17857142857142858
53,24,0.071428571428571425,0.17857142857142858
54,2,0.035714285714285712,0.053571428571428568
54,3,0.035714285714285712,0.089285714285714288
54,4,0.0,0.14285714285714285
54,5,0.0,0.10714285714285714
54,6,0.0,0.10714285714285714
54,7,0.017857142857142856,0.125
54,8,0.017857142857142856,0.089285714285714288
54,9,0.017857142857142856,0.125
54,10,0.017857142857142856,0.14285714285714285
54,11,0.0,0.14285714285714285
54,12,0.0,0.16071428571428573
54,13,0.017857142857142856,0.16071428571428573
54,14,0.0,0.19642857142857142
54,15,0.035714285714285712,0.16071428571428573
54,16,0.035714285714285712,0.16071428571428573
54,17,0.035714285714285712,0.17857142857142858
54,18,0.035714285714285712,0.16071428571428573
54,19,0.035714285714285712,0.14285714285714285
54,20,0.035714285714285712,0.14285714285714285
54,21,0.035714285714285712,0.16071428571428573
54,22,0.053571428571428568,0.14285714285714285
54,23,0.053571428571428568,0.16071428571428573
54,24,0.035714285714285712,0.14285714285714285
55,2,0.017857142857142856,0.19642857142857142
55,3,0.017857142857142856,0.26785714285714285
55,4,0.0,0.19642857142857142
55,5,0.017857142857142856,0.19642857142857142
55,6,0.017857142857142856,0.19642857142857142
55,7,0.0,0.17857142857142858
55,8,0.035714285714285712,0.125
55,9,0.017857142857142856,0.14285714285714285
55,10,0.035714285714285712,0.16071428571428573
55,11,0.035714285714285712,0.14285714285714285
55,12,0.071428571428571425,0.14285714285714285
55,13,0.071428571428571425,0.16071428571428573
55,14,0.071428571428571425,0.16071428571428573
55,15,0.053571428571428568,0.125
55,16,0.035714285714285712,0.17857142857142858
55,17,0.035714285714285712,0.17857142857142858
55,18,0.017857142857142856,0.17857142857142858
55,19,0.017857142857142856,0.19642857142857142
55,20,0.053571428571428568,0.19642857142857142
55,21,0.035714285714285712,0.19642857142857142
55,22,0.053571428571428568,0.19642857142857142
55,23,0.035714285714285712,0.19642857142857142
55,24,0.053571428571428568,0.17857142857142858
56,2,0.017857142857142856,0.053571428571428568
56,3,0.017857142857142856,0.125
56,4,0.0,0.125
56,5,0.017857142857142856,0.071428571428571425
56,6,0.017857142857142856,0.089285714285714288
56,7,0.053571428571428568,0.089285714285714288
56,8,0.089285714285714288,0.10714285714285714
56,9,0.071428571428571425,0.14285714285714285
56,10,0.089285714285714288,0.14285714285714285
56,11,0.035714285714285712,0.125
56,12,0.071428571428571425,0.125
56,13,0.053571428571428568,0.10714285714285714
56,14,0.017857142857142856,0.125
56,15,0.053571428571428568,0.14285714285714285
56,16,0.071428571428571425,0.14285714285714285
56,17,0.071428571428571425,0.10714285714285714
56,18,0.053571428571428568,0.10714285714285714
56,19,0.089285714285714288,0.10714285714285714
56,20,0.071428571428571425,0.125
56,21,0.10714285714285714,0.125
56,22,0.10714285714285714,0.125
56,23,0.10714285714285714,0.10714285714285714
56,24,0.10714285714285714,0.10714285714285714
57,2,0.017857142857142856,0.10714285714285714
57,3,0.035714285714285712,0.16071428571428573
57,4,0.035714285714285712,0.21428571428571427
57,5,0.053571428571428568,0.17857142857142858
57,6,0.053571428571428568,0.125
57,7,0.035714285714285712,0.125
57,8,0.035714285714285712,0.125
57,9,0.053571428571428568,0.14285714285714285
57,10,0.053571428571428568,0.16071428571428573
57,11,0.053571428571428568,0.16071428571428573
57,12,0.053571428571428568,0.14285714285714285
57,13,0.053571428571428568,0.16071428571428573
57,14,0.071428571428571425,0.16071428571428573
57,15,0.053571428571428568,0.16071428571428573
57,16,0.017857142857142856,0.16071428571428573
57,17,0.017857142857142856,0.16071428571428573
57,18,0.017857142857142856,0.16071428571428573
57,19,0.017857142857142856,0.16071428571428573
57,20,0.017857142857142856,0.16071428571428573
57,21,0.017857142857142856,0.16071428571428573
57,22,0.017857142857142856,0.16071428571428573
57,23,0.017857142857142856,0.16071428571428573
57,24,0.017857142857142856,0.16071428571428573
58,2,0.14285714285714285,0.10714285714285714
58,3,0.125,0.17857142857142858
58,4,0.16071428571428573,0.14285714285714285
58,5,0.14285714285714285,0.17857142857142858
58,6,0.10714285714285714,0.17857142857142858
58,7,0.125,0.21428571428571427
58,8,0.053571428571428568,0.16071428571428573
58,9,0.053571428571428568,0.19642857142857142
58,10,0.10714285714285714,0.21428571428571427
58,11,0.035714285714285712,0.125
58,12,0.053571428571428568,0.14285714285714285
58,13,0.071428571428571425,0.16071428571428573
58,14,0.089285714285714288,0.16071428571428573
58,15,0.071428571428571425,0.17857142857142858
58,16,0.10714285714285714,0.16071428571428573
58,17,0.10714285714285714,0.16071428571428573
58,18,0.071428571428571425,0.16071428571428573
58,19,0.017857142857142856,0.16071428571428573
58,20,0.017857142857142856,0.16071428571428573
58,21,0.035714285714285712,0.16071428571428573
58,22,0.017857142857142856,0.16071428571428573
58,23,0.017857142857142856,0.16071428571428573
58,24,0.035714285714285712,0.16071428571428573
59,2,0.30357142857142855,0.17857142857142858
59,3,0.30357142857142855,0.3392857142857143
59,4,0.32142857142857145,0.2857142857142857
59,5,0.35714285714285715,0.30357142857142855
59,6,0.3392857142857143,0.30357142857142855
59,7,0.3392857142857143,0.30357142857142855
59,8,0.30357142857142855,0.2857142857142857
59,9,0.32142857142857145,0.375
59,10,0.3392857142857143,0.32142857142857145
59,11,0.30357142857142855,0.3392857142857143
59,12,0.2857142857142857,0.30357142857142855
59,13,0.25,0.32142857142857145
59,14,0.2857142857142857,0.30357142857142855
59,15,0.26785714285714285,0.35714285714285715
59,16,0.32142857142857145,0.35714285714285715
59,17,0.2857142857142857,0.3392857142857143
59,18,0.2857142857142857,0.3392857142857143
59,19,0.23214285714285715,0.32142857142857145
59,20,0.19642857142857142,0.3392857142857143
59,21,0.19642857142857142,0.3392857142857143
59,22,0.21428571428571427,0.30357142857142855
59,23,0.21428571428571427,0.30357142857142855
59,24,0.21428571428571427,0.30357142857142855
60,2,0.21428571428571427,0.16071428571428573
60,3,0.10714285714285714,0.14285714285714285
60,4,0.125,0.14285714285714285
60,5,0.14285714285714285,0.21428571428571427
60,6,0.14285714285714285,0.21428571428571427
60,7,0.14285714285714285,0.23214285714285715
60,8,0.10714285714285714,0.19642857142857142
60,9,0.125,0.23214285714285715
60,10,0.10714285714285714,0.17857142857142858
60,11,0.089285714285714288,0.25
60,12,0.089285714285714288,0.25
60,13,0.16071428571428573,0.25
60,14,0.10714285714285714,0.26785714285714285
60,15,0.14285714285714285,0.25
60,16,0.10714285714285714,0.25
60,17,0.125,0.25
60,18,0.125,0.23214285714285715
60,19,0.14285714285714285,0.23214285714285715
60,20,0.16071428571428573,0.25
60,21,0.17857142857142858,0.26785714285714285
60,22,0.17857142857142858,0.25
60,23,0.16071428571428573,0.23214285714285715
60,24,0.14285714285714285,0.25
61,2,0.19642857142857142,0.14285714285714285
61,3,0.17857142857142858,0.19642857142857142
61,4,0.21428571428571427,0.14285714285714285
61,5,0.25,0.16071428571428573
61,6,0.19642857142857142,0.23214285714285715
61,7,0.23214285714285715,0.26785714285714285
61,8,0.23214285714285715,0.26785714285714285
61,9,0.19642857142857142,0.26785714285714285
61,10,0.17857142857142858,0.26785714285714285
61,11,0.21428571428571427,0.23214285714285715
61,12,0.21428571428571427,0.25
61,13,0.21428571428571427,0.26785714285714285
61,14,0.25,0.25
61,15,0.21428571428571427,0.23214285714285715
61,16,0.23214285714285715,0.23214285714285715
61,17,0.25,0.23214285714285715
61,18,0.23214285714285715,0.21428571428571427
61,19,0.26785714285714285,0.23214285714285715
61,20,0.26785714285714285,0.23214285714285715
61,21,0.26785714285714285,0.23214285714285715
61,22,0.26785714285714285,0.23214285714285715
61,23,0.26785714285714285,0.21428571428571427
61,24,0.26785714285714285,0.21428571428571427
62,2,0.2857142857142857,0.14285714285714285
62,3,0.23214285714285715,0.23214285714285715
62,4,0.30357142857142855,0.2857142857142857
62,5,0.30357142857142855,0.3392857142857143
62,6,0.2857142857142857,0.26785714285714285
62,7,0.23214285714285715,0.25
62,8,0.26785714285714285,0.23214285714285715
62,9,0.2857142857142857,0.26785714285714285
62,10,0.23214285714285715,0.30357142857142855
62,11,0.2857142857142857,0.32142857142857145
62,12,0.19642857142857142,0.30357142857142855
62,13,0.30357142857142855,0.2857142857142857
62,14,0.25,0.26785714285714285
62,15,0.30357142857142855,0.32142857142857145
62,16,0.2857142857142857,0.32142857142857145
62,17,0.2857142857142857,0.3392857142857143
62,18,0.30357142857142855,0.3392857142857143
62,19,0.2857142857142857,0.30357142857142855
62,20,0.25,0.30357142857142855
62,21,0.25,0.32142857142857145
62,22,0.26785714285714285,0.32142857142857145
62,23,0.26785714285714285,0.32142857142857145
62,24,0.25,0.32142857142857145
63,2,0.39285714285714285,0.26785714285714285
63,3,0.35714285714285715,0.32142857142857145
63,4,0.32142857142857145,0.26785714285714285
63,5,0.2857142857142857,0.32142857142857145
63,6,0.26785714285714285,0.2857142857142857
63,7,0.26785714285714285,0.2857142857142857
63,8,0.30357142857142855,0.30357142857142855
63,9,0.30357142857142855,0.32142857142857145
63,10,0.32142857142857145,0.2857142857142857
63,11,0.23214285714285715,0.2857142857142857
63,12,0.30357142857142855,0.2857142857142857
63,13,0.21428571428571427,0.30357142857142855
63,14,0.2857142857142857,0.32142857142857145
63,15,0.2857142857142857,0.30357142857142855
63,16,0.2857142857142857,0.30357142857142855
63,17,0.2857142857142857,0.30357142857142855
63,18,0.26785714285714285,0.2857142857142857
63,19,0.39285714285714285,0.2857142857142857
63,20,0.3392857142857143,0.30357142857142855
63,21,0.3392857142857143,0.2857142857142857
63,22,0.35714285714285715,0.2857142857142857
63,23,0.35714285714285715,0.2857142857142857
63,24,0.35714285714285715,0.2857142857142857
64,2,0.25,0.125
64,3,0.125,0.14285714285714285
64,4,0.21428571428571427,0.17857142857142858
64,5,0.125,0.16071428571428573
64,6,0.14285714285714285,0.17857142857142858
64,7,0.10714285714285714,0.125
64,8,0.089285714285714288,0.19642857142857142
64,9,0.10714285714285714,0.14285714285714285
64,10,0.16071428571428573,0.17857142857142858
64,11,0.16071428571428573,0.17857142857142858
64,12,0.19642857142857142,0.17857142857142858
64,13,0.16071428571428573,0.17857142857142858
64,14,0.21428571428571427,0.17857142857142858
64,15,0.16071428571428573,0.16071428571428573
64,16,0.19642857142857142,0.17857142857142858
64,17,0.17857142857142858,0.17857142857142858
64,18,0.16071428571428573,0.17857142857142858
64,19,0.14285714285714285,0.19642857142857142
64,20,0.125,0.17857142857142858
64,21,0.125,0.17857142857142858
64,22,0.14285714285714285,0.17857142857142858
64,23,0.14285714285714285,0.17857142857142858
64,24,0.16071428571428573,0.19642857142857142
65,2,0.017857142857142856,0.089285714285714288
65,3,0.017857142857142856,0.125
65,4,0.035714285714285712,0.14285714285714285
65,5,0.035714285714285712,0.16071428571428573
65,6,0.053571428571428568,0.125
65,7,0.053571428571428568,0.16071428571428573
65,8,0.089285714285714288,0.14285714285714285
65,9,0.035714285714285712,0.125
65,10,0.035714285714285712,0.125
65,11,0.071428571428571425,0.125
65,12,0.071428571428571425,0.125
65,13,0.053571428571428568,0.125
65,14,0.017857142857142856,0.125
65,15,0.035714285714285712,0.125
65,16,0.035714285714285712,0.10714285714285714
65,17,0.017857142857142856,0.10714285714285714
65,18,0.017857142857142856,0.10714285714285714
65,19,0.017857142857142856,0.10714285714285714
65,20,0.017857142857142856,0.10714285714285714
65,21,0.017857142857142856,0.10714285714285714
65,22,0.035714285714285712,0.125
65,23,0.017857142857142856,0.125
65,24,0.017857142857142856,0.125
66,2,0.35714285714285715,0.3392857142857143
66,3,0.2857142857142857,0.3392857142857143
66,4,0.2857142857142857,0.23214285714285715
66,5,0.30357142857142855,0.30357142857142855
66,6,0.26785714285714285,0.3392857142857143
66,7,0.21428571428571427,0.2857142857142857
66,8,0.21428571428571427,0.30357142857142855
66,9,0.19642857142857142,0.32142857142857145
66,10,0.25,0.3392857142857143
66,11,0.23214285714285715,0.3392857142857143
66,12,0.21428571428571427,0.32142857142857145
66,13,0.23214285714285715,0.2857142857142857
66,14,0.25,0.30357142857142855
66,15,0.25,0.2857142857142857
66,16,0.23214285714285715,0.30357142857142855
66,17,0.23214285714285715,0.30357142857142855
66,18,0.25,0.26785714285714285
66,19,0.23214285714285715,0.26785714285714285
66,20,0.23214285714285715,0.25
66,21,0.21428571428571427,0.25
66,22,0.21428571428571427,0.25
66,23,0.23214285714285715,0.25
66,24,0.23214285714285715,0.26785714285714285
67,2,0.4107142857142857,0.42857142857142855
67,3,0.44642857142857145,0.48214285714285715
67,4,0.5,0.42857142857142855
67,5,0.5,0.44642857142857145
67,6,0.4642857142857143,0.5
67,7,0.44642857142857145,0.5
67,8,0.4642857142857143,0.5
67,9,0.5,0.5178571428571429
67,10,0.4642857142857143,0.5
67,11,0.48214285714285715,0.4642857142857143
67,12,0.44642857142857145,0.4642857142857143
67,13,0.5178571428571429,0.48214285714285715
67,14,0.42857142857142855,0.4642857142857143
67,15,0.42857142857142855,0.4642857142857143
67,16,0.4107142857142857,0.44642857142857145
67,17,0.44642857142857145,0.44642857142857145
67,18,0.48214285714285715,0.4642857142857143
67,19,0.48214285714285715,0.4642857142857143
67,20,0.4642857142857143,0.44642857142857145
67,21,0.42857142857142855,0.44642857142857145
67,22,0.4107142857142857,0.44642857142857145
67,23,0.4107142857142857,0.44642857142857145
67,24,0.4107142857142857,0.44642857142857145
68,2,0.19642857142857142,0.10714285714285714
68,3,0.17857142857142858,0.2857142857142857
68,4,0.30357142857142855,0.25
68,5,0.30357142857142855,0.19642857142857142
68,6,0.30357142857142855,0.21428571428571427
68,7,0.25,0.23214285714285715
68,8,0.25,0.21428571428571427
68,9,0.25,0.19642857142857142
68,10,0.25,0.16071428571428573
68,11,0.23214285714285715,0.16071428571428573
68,12,0.25,0.19642857142857142
68,13,0.23214285714285715,0.16071428571428573
68,14,0.23214285714285715,0.17857142857142858
68,15,0.23214285714285715,0.17857142857142858
68,16,0.16071428571428573,0.17857142857142858
68,17,0.16071428571428573,0.19642857142857142
68,18,0.125,0.19642857142857142
68,19,0.16071428571428573,0.19642857142857142
68,20,0.16071428571428573,0.19642857142857142
68,21,0.14285714285714285,0.19642857142857142
68,22,0.17857142857142858,0.21428571428571427
68,23,0.19642857142857142,0.21428571428571427
68,24,0.21428571428571427,0.21428571428571427
69,2,0.3392857142857143,0.26785714285714285
69,3,0.26785714285714285,0.30357142857142855
69,4,0.30357142857142855,0.2857142857142857
69,5,0.2857142857142857,0.26785714285714285
69,6,0.19642857142857142,0.23214285714285715
69,7,0.25,0.2857142857142857
69,8,0.19642857142857142,0.26785714285714285
69,9,0.16071428571428573,0.32142857142857145
69,10,0.17857142857142858,0.30357142857142855
69,11,0.16071428571428573,0.2857142857142857
69,12,0.17857142857142858,0.26785714285714285
69,13,0.19642857142857142,0.26785714285714285
69,14,0.16071428571428573,0.2857142857142857
69,15,0.16071428571428573,0.26785714285714285
69,16,0.17857142857142858,0.26785714285714285
69,17,0.16071428571428573,0.2857142857142857
69,18,0.14285714285714285,0.26785714285714285
69,19,0.17857142857142858,0.26785714285714285
69,20,0.14285714285714285,0.26785714285714285
69,21,0.125,0.26785714285714285
69,22,0.10714285714285714,0.26785714285714285
69,23,0.125,0.2857142857142857
69,24,0.14285714285714285,0.2857142857142857
70,2,0.4642857142857143,0.32142857142857145
70,3,0.4642857142857143,0.2857142857142857
70,4,0.35714285714285715,0.25
70,5,0.30357142857142855,0.30357142857142855
70,6,0.42857142857142855,0.35714285714285715
70,7,0.3392857142857143,0.35714285714285715
70,8,0.32142857142857145,0.30357142857142855
70,9,0.32142857142857145,0.26785714285714285
70,10,0.32142857142857145,0.25
70,11,0.30357142857142855,0.26785714285714285
70,12,0.30357142857142855,0.23214285714285715
70,13,0.25,0.26785714285714285
70,14,0.23214285714285715,0.25
70,15,0.2857142857142857,0.26785714285714285
70,16,0.26785714285714285,0.25
70,17,0.32142857142857145,0.26785714285714285
70,18,0.30357142857142855,0.25
70,19,0.2857142857142857,0.25
70,20,0.30357142857142855,0.25
70,21,0.2857142857142857,0.25
70,22,0.26785714285714285,0.25
70,23,0.2857142857142857,0.25
70,24,0.26785714285714285,0.25
71,2,0.23214285714285715,0.16071428571428573
71,3,0.23214285714285715,0.19642857142857142
71,4,0.26785714285714285,0.16071428571428573
71,5,0.25,0.25
71,6,0.23214285714285715,0.25
71,7,0.19642857142857142,0.23214285714285715
71,8,0.23214285714285715,0.17857142857142858
71,9,0.25,0.16071428571428573
71,10,0.25,0.16071428571428573
71,11,0.25,0.23214285714285715
71,12,0.30357142857142855,0.21428571428571427
71,13,0.2857142857142857,0.25
71,14,0.26785714285714285,0.25
71,15,0.2857142857142857,0.23214285714285715
71,16,0.2857142857142857,0.23214285714285715
71,17,0.2857142857142857,0.21428571428571427
71,18,0.26785714285714285,0.23214285714285715
71,19,0.25,0.23214285714285715
71,20,0.21428571428571427,0.21428571428571427
71,21,0.26785714285714285,0.21428571428571427
71,22,0.26785714285714285,0.23214285714285715
71,23,0.30357142857142855,0.25
71,24,0.30357142857142855,0.26785714285714285
72,2,0.375,0.25
72,3,0.35714285714285715,0.25
72,4,0.30357142857142855,0.35714285714285715
72,5,0.375,0.26785714285714285
72,6,0.35714285714285715,0.32142857142857145
72,7,0.2857142857142857,0.2857142857142857
72,8,0.3392857142857143,0.2857142857142857
72,9,0.30357142857142855,0.19642857142857142
72,10,0.26785714285714285,0.21428571428571427
72,11,0.19642857142857142,0.17857142857142858
72,12,0.23214285714285715,0.19642857142857142
72,13,0.21428571428571427,0.21428571428571427
72,14,0.19642857142857142,0.21428571428571427
72,15,0.19642857142857142,0.21428571428571427
72,16,0.17857142857142858,0.23214285714285715
72,17,0.19642857142857142,0.25
72,18,0.16071428571428573,0.25
72,19,0.19642857142857142,0.25
72,20,0.14285714285714285,0.25
72,21,0.16071428571428573,0.25
72,22,0.17857142857142858,0.26785714285714285
72,23,0.21428571428571427,0.26785714285714285
72,24,0.21428571428571427,0.25
73,2,0.14285714285714285,0.089285714285714288
73,3,0.125,0.17857142857142858
73,4,0.25,0.16071428571428573
73,5,0.26785714285714285,0.17857142857142858
73,6,0.2857142857142857,0.19642857142857142
73,7,0.23214285714285715,0.17857142857142858
73,8,0.26785714285714285,0.19642857142857142
73,9,0.26785714285714285,0.14285714285714285
73,10,0.2857142857142857,0.16071428571428573
73,11,0.21428571428571427,0.14285714285714285
73,12,0.19642857142857142,0.125
73,13,0.21428571428571427,0.14285714285714285
73,14,0.19642857142857142,0.14285714285714285
73,15,0.19642857142857142,0.125
73,16,0.23214285714285715,0.14285714285714285
73,17,0.25,0.14285714285714285
73,18,0.23214285714285715,0.125
73,19,0.21428571428571427,0.125
73,20,0.17857142857142858,0.125
73,21,0.17857142857142858,0.10714285714285714
73,22,0.14285714285714285,0.10714285714285714
73,23,0.16071428571428573,0.10714285714285714
73,24,0.19642857142857142,0.10714285714285714
74,2,0.30357142857142855,0.23214285714285715
74,3,0.19642857142857142,0.19642857142857142
74,4,0.23214285714285715,0.21428571428571427
74,5,0.2857142857142857,0.26785714285714285
74,6,0.19642857142857142,0.2857142857142857
74,7,0.19642857142857142,0.21428571428571427
74,8,0.16071428571428573,0.23214285714285715
74,9,0.16071428571428573,0.17857142857142858
74,10,0.21428571428571427,0.17857142857142858
74,11,0.21428571428571427,0.17857142857142858
74,12,0.19642857142857142,0.21428571428571427
74,13,0.21428571428571427,0.21428571428571427
74,14,0.21428571428571427,0.21428571428571427
74,15,0.17857142857142858,0.23214285714285715
74,16,0.16071428571428573,0.19642857142857142
74,17,0.16071428571428573,0.19642857142857142
74,18,0.14285714285714285,0.19642857142857142
74,19,0.14285714285714285,0.19642857142857142
74,20,0.14285714285714285,0.19642857142857142
74,21,0.14285714285714285,0.19642857142857142
74,22,0.14285714285714285,0.19642857142857142
74,23,0.14285714285714285,0.19642857142857142
74,24,0.14285714285714285,0.19642857142857142
75,2,0.10714285714285714,0.053571428571428568
75,3,0.10714285714285714,0.071428571428571425
75,4,0.035714285714285712,0.053571428571428568
75,5,0.053571428571428568,0.071428571428571425
75,6,0.035714285714285712,0.053571428571428568
75,7,0.053571428571428568,0.035714285714285712
75,8,0.089285714285714288,0.035714285714285712
75,9,0.053571428571428568,0.071428571428571425
75,10,0.053571428571428568,0.089285714285714288
75,11,0.035714285714285712,0.053571428571428568
75,12,0.053571428571428568,0.035714285714285712
75,13,0.053571428571428568,0.035714285714285712
75,14,0.053571428571428568,0.053571428571428568
75,15,0.071428571428571425,0.053571428571428568
75,16,0.053571428571428568,0.053571428571428568
75,17,0.071428571428571425,0.053571428571428568
75,18,0.071428571428571425,0.053571428571428568
75,19,0.071428571428571425,0.053571428571428568
75,20,0.071428571428571425,0.053571428571428568
75,21,0.071428571428571425,0.053571428571428568
75,22,0.071428571428571425,0.053571428571428568
75,23,0.071428571428571425,0.053571428571428568
75,24,0.071428571428571425,0.053571428571428568
76,2,0.23214285714285715,0.23214285714285715
76,3,0.21428571428571427,0.3392857142857143
76,4,0.23214285714285715,0.30357142857142855
76,5,0.21428571428571427,0.32142857142857145
76,6,0.17857142857142858,0.2857142857142857
76,7,0.16071428571428573,0.30357142857142855
76,8,0.23214285714285715,0.30357142857142855
76,9,0.23214285714285715,0.2857142857142857
76,10,0.17857142857142858,0.26785714285714285
76,11,0.25,0.2857142857142857
76,12,0.21428571428571427,0.26785714285714285
76,13,0.23214285714285715,0.30357142857142855
76,14,0.23214285714285715,0.32142857142857145
76,15,0.17857142857142858,0.30357142857142855
76,16,0.21428571428571427,0.30357142857142855
76,17,0.19642857142857142,0.32142857142857145
76,18,0.19642857142857142,0.30357142857142855
76,19,0.19642857142857142,0.32142857142857145
76,20,0.19642857142857142,0.32142857142857145
76,21,0.17857142857142858,0.30357142857142855
76,22,0.17857142857142858,0.2857142857142857
76,23,0.17857142857142858,0.2857142857142857
76,24,0.14285714285714285,0.2857142857142857
77,2,0.19642857142857142,0.25
77,3,0.16071428571428573,0.25
77,4,0.21428571428571427,0.21428571428571427
77,5,0.17857142857142858,0.25
77,6,0.125,0.25
77,7,0.23214285714285715,0.26785714285714285
77,8,0.21428571428571427,0.25
77,9,0.23214285714285715,0.21428571428571427
77,10,0.25,0.26785714285714285
77,11,0.23214285714285715,0.23214285714285715
77,12,0.17857142857142858,0.21428571428571427
77,13,0.19642857142857142,0.26785714285714285
77,14,0.21428571428571427,0.26785714285714285
77,15,0.26785714285714285,0.23214285714285715
77,16,0.19642857142857142,0.26785714285714285
77,17,0.25,0.2857142857142857
77,18,0.25,0.2857142857142857
77,19,0.26785714285714285,0.26785714285714285
77,20,0.19642857142857142,0.26785714285714285
77,21,0.25,0.26785714285714285
77,22,0.26785714285714285,0.26785714285714285
77,23,0.25,0.26785714285714285
77,24,0.23214285714285715,0.26785714285714285
78,2,0.19642857142857142,0.23214285714285715
78,3,0.26785714285714285,0.3392857142857143
78,4,0.23214285714285715,0.3392857142857143
78,5,0.21428571428571427,0.35714285714285715
78,6,0.2857142857142857,0.30357142857142855
78,7,0.30357142857142855,0.3392857142857143
78,8,0.30357142857142855,0.3392857142857143
78,9,0.2857142857142857,0.2857142857142857
78,10,0.25,0.32142857142857145
78,11,0.32142857142857145,0.30357142857142855
78,12,0.2857142857142857,0.30357142857142855
78,13,0.21428571428571427,0.32142857142857145
78,14,0.21428571428571427,0.35714285714285715
78,15,0.14285714285714285,0.30357142857142855
78,16,0.19642857142857142,0.30357142857142855
78,17,0.17857142857142858,0.3392857142857143
78,18,0.19642857142857142,0.3392857142857143
78,19,0.19642857142857142,0.3392857142857143
78,20,0.17857142857142858,0.3392857142857143
78,21,0.19642857142857142,0.3392857142857143
78,22,0.25,0.3392857142857143
78,23,0.23214285714285715,0.3392857142857143
78,24,0.21428571428571427,0.3392857142857143
79,2,0.30357142857142855,0.25
79,3,0.26785714285714285,0.375
79,4,0.375,0.35714285714285715
79,5,0.375,0.4107142857142857
79,6,0.3392857142857143,0.375
79,7,0.30357142857142855,0.32142857142857145
79,8,0.32142857142857145,0.3392857142857143
79,9,0.35714285714285715,0.35714285714285715
79,10,0.375,0.375
79,11,0.30357142857142855,0.35714285714285715
79,12,0.32142857142857145,0.32142857142857145
79,13,0.30357142857142855,0.32142857142857145
79,14,0.375,0.3392857142857143
79,15,0.4107142857142857,0.32142857142857145
79,16,0.4107142857142857,0.32142857142857145
79,17,0.375,0.30357142857142855
79,18,0.35714285714285715,0.32142857142857145
79,19,0.32142857142857145,0.3392857142857143
79,20,0.32142857142857145,0.32142857142857145
79,21,0.30357142857142855,0.32142857142857145
79,22,0.3392857142857143,0.32142857142857145
79,23,0.375,0.32142857142857145
79,24,0.375,0.32142857142857145
80,2,0.10714285714285714,0.071428571428571425
80,3,0.089285714285714288,0.053571428571428568
80,4,0.053571428571428568,0.053571428571428568
80,5,0.053571428571428568,0.071428571428571425
80,6,0.071428571428571425,0.053571428571428568
80,7,0.053571428571428568,0.035714285714285712
80,8,0.053571428571428568,0.035714285714285712
80,9,0.071428571428571425,0.053571428571428568
80,10,0.071428571428571425,0.053571428571428568
80,11,0.071428571428571425,0.053571428571428568
80,12,0.089285714285714288,0.053571428571428568
80,13,0.089285714285714288,0.053571428571428568
80,14,0.071428571428571425,0.053571428571428568
80,15,0.089285714285714288,0.035714285714285712
80,16,0.125,0.053571428571428568
80,17,0.125,0.053571428571428568
80,18,0.071428571428571425,0.035714285714285712
80,19,0.071428571428571425,0.053571428571428568
80,20,0.089285714285714288,0.071428571428571425
80,21,0.071428571428571425,0.053571428571428568
80,22,0.10714285714285714,0.071428571428571425
80,23,0.125,0.071428571428571425
80,24,0.10714285714285714,0.071428571428571425
81,2,0.30357142857142855,0.30357142857142855
81,3,0.4107142857142857,0.32142857142857145
81,4,0.35714285714285715,0.39285714285714285
81,5,0.30357142857142855,0.375
81,6,0.30357142857142855,0.30357142857142855
81,7,0.30357142857142855,0.32142857142857145
81,8,0.3392857142857143,0.35714285714285715
81,9,0.32142857142857145,0.26785714285714285
81,10,0.32142857142857145,0.26785714285714285
81,11,0.35714285714285715,0.26785714285714285
81,12,0.35714285714285715,0.23214285714285715
81,13,0.32142857142857145,0.25
81,14,0.32142857142857145,0.26785714285714285
81,15,0.3392857142857143,0.26785714285714285
81,16,0.3392857142857143,0.2857142857142857
81,17,0.3392857142857143,0.26785714285714285
81,18,0.4107142857142857,0.26785714285714285
81,19,0.32142857142857145,0.2857142857142857
81,20,0.35714285714285715,0.30357142857142855
81,21,0.35714285714285715,0.30357142857142855
81,22,0.30357142857142855,0.30357142857142855
81,23,0.30357142857142855,0.2857142857142857
81,24,0.30357142857142855,0.2857142857142857
82,2,0.3392857142857143,0.375
82,3,0.32142857142857145,0.42857142857142855
82,4,0.39285714285714285,0.39285714285714285
82,5,0.42857142857142855,0.35714285714285715
82,6,0.3392857142857143,0.375
82,7,0.39285714285714285,0.42857142857142855
82,8,0.375,0.44642857142857145
82,9,0.39285714285714285,0.48214285714285715
82,10,0.35714285714285715,0.4642857142857143
82,11,0.42857142857142855,0.4642857142857143
82,12,0.35714285714285715,0.44642857142857145
82,13,0.35714285714285715,0.4107142857142857
82,14,0.39285714285714285,0.42857142857142855
82,15,0.39285714285714285,0.42857142857142855
82,16,0.375,0.42857142857142855
82,17,0.32142857142857145,0.4107142857142857
82,18,0.375,0.42857142857142855
82,19,0.3392857142857143,0.4107142857142857
82,20,0.30357142857142855,0.4107142857142857
82,21,0.2857142857142857,0.4107142857142857
82,22,0.3392857142857143,0.42857142857142855
82,23,0.35714285714285715,0.42857142857142855
82,24,0.375,0.42857142857142855
83,2,0.2857142857142857,0.25
83,3,0.3392857142857143,0.3392857142857143
83,4,0.25,0.32142857142857145
83,5,0.2857142857142857,0.35714285714285715
83,6,0.26785714285714285,0.3392857142857143
83,7,0.2857142857142857,0.375
83,8,0.30357142857142855,0.3392857142857143
83,9,0.2857142857142857,0.375
83,10,0.30357142857142855,0.35714285714285715
83,11,0.32142857142857145,0.35714285714285715
83,12,0.30357142857142855,0.3392857142857143
83,13,0.35714285714285715,0.32142857142857145
83,14,0.26785714285714285,0.3392857142857143
83,15,0.32142857142857145,0.3392857142857143
83,16,0.30357142857142855,0.3392857142857143
83,17,0.30357142857142855,0.3392857142857143
83,18,0.2857142857142857,0.35714285714285715
83,19,0.30357142857142855,0.375
83,20,0.30357142857142855,0.39285714285714285
83,21,0.30357142857142855,0.39285714285714285
83,22,0.32142857142857145,0.39285714285714285
83,23,0.32142857142857145,0.39285714285714285
83,24,0.32142857142857145,0.39285714285714285
84,2,0.14285714285714285,0.2857142857142857
84,3,0.125,0.21428571428571427
84,4,0.14285714285714285,0.26785714285714285
84,5,0.16071428571428573,0.25
84,6,0.125,0.26785714285714285
84,7,0.125,0.3392857142857143
84,8,0.10714285714285714,0.35714285714285715
84,9,0.125,0.30357142857142855
84,10,0.19642857142857142,0.30357142857142855
84,11,0.21428571428571427,0.2857142857142857
84,12,0.21428571428571427,0.2857142857142857
84,13,0.21428571428571427,0.2857142857142857
84,14,0.19642857142857142,0.30357142857142855
84,15,0.21428571428571427,0.32142857142857145
84,16,0.25,0.32142857142857145
84,17,0.23214285714285715,0.32142857142857145
84,18,0.23214285714285715,0.32142857142857145
84,19,0.25,0.3392857142857143
84,20,0.25,0.35714285714285715
84,21,0.26785714285714285,0.3392857142857143
84,22,0.26785714285714285,0.32142857142857145
84,23,0.23214285714285715,0.32142857142857145
84,24,0.21428571428571427,0.32142857142857145
85,2,0.32142857142857145,0.2857142857142857
85,3,0.2857142857142857,0.21428571428571427
85,4,0.26785714285714285,0.19642857142857142
85,5,0.25,0.21428571428571427
85,6,0.21428571428571427,0.26785714285714285
85,7,0.19642857142857142,0.30357142857142855
85,8,0.26785714285714285,0.30357142857142855
85,9,0.26785714285714285,0.30357142857142855
85,10,0.21428571428571427,0.30357142857142855
85,11,0.23214285714285715,0.2857142857142857
85,12,0.26785714285714285,0.2857142857142857
85,13,0.23214285714285715,0.2857142857142857
85,14,0.25,0.26785714285714285
85,15,0.25,0.26785714285714285
85,16,0.26785714285714285,0.26785714285714285
85,17,0.25,0.26785714285714285
85,18,0.21428571428571427,0.26785714285714285
85,19,0.25,0.2857142857142857
85,20,0.25,0.26785714285714285
85,21,0.23214285714285715,0.30357142857142855
